-- MySQL dump 10.13  Distrib 9.5.0, for macos15.7 (arm64)
--
-- Host: localhost    Database: BrewReviewDB
-- ------------------------------------------------------
-- Server version	9.5.0

/*!40101 SET @OLD_CHARACTER_SET_CLIENT=@@CHARACTER_SET_CLIENT */;
/*!40101 SET @OLD_CHARACTER_SET_RESULTS=@@CHARACTER_SET_RESULTS */;
/*!40101 SET @OLD_COLLATION_CONNECTION=@@COLLATION_CONNECTION */;
/*!50503 SET NAMES utf8mb4 */;
/*!40103 SET @OLD_TIME_ZONE=@@TIME_ZONE */;
/*!40103 SET TIME_ZONE='+00:00' */;
/*!40014 SET @OLD_UNIQUE_CHECKS=@@UNIQUE_CHECKS, UNIQUE_CHECKS=0 */;
/*!40014 SET @OLD_FOREIGN_KEY_CHECKS=@@FOREIGN_KEY_CHECKS, FOREIGN_KEY_CHECKS=0 */;
/*!40101 SET @OLD_SQL_MODE=@@SQL_MODE, SQL_MODE='NO_AUTO_VALUE_ON_ZERO' */;
/*!40111 SET @OLD_SQL_NOTES=@@SQL_NOTES, SQL_NOTES=0 */;
SET @MYSQLDUMP_TEMP_LOG_BIN = @@SESSION.SQL_LOG_BIN;
SET @@SESSION.SQL_LOG_BIN= 0;

--
-- GTID state at the beginning of the backup 
--

SET @@GLOBAL.GTID_PURGED=/*!80000 '+'*/ '526cdf20-c453-11f0-9638-4e7a7af45ced:1-1400';

--
-- Table structure for table `Cafe`
--

DROP TABLE IF EXISTS `Cafe`;
/*!40101 SET @saved_cs_client     = @@character_set_client */;
/*!50503 SET character_set_client = utf8mb4 */;
CREATE TABLE `Cafe` (
  `cafe_id` int NOT NULL AUTO_INCREMENT,
  `name` varchar(100) NOT NULL,
  `address` text NOT NULL,
  `city` varchar(50) NOT NULL,
  `latitude` decimal(10,6) DEFAULT NULL,
  `longitude` decimal(10,6) DEFAULT NULL,
  `phone_number` varchar(15) DEFAULT NULL,
  `opening_hours` varchar(100) DEFAULT NULL,
  `has_dessert` tinyint(1) DEFAULT '0',
  `total_rating` decimal(3,2) DEFAULT '0.00',
  `review_count` int DEFAULT '0',
  `menu_count` int DEFAULT '0',
  PRIMARY KEY (`cafe_id`)
) ENGINE=InnoDB AUTO_INCREMENT=201 DEFAULT CHARSET=utf8mb4 COLLATE=utf8mb4_0900_ai_ci;
/*!40101 SET character_set_client = @saved_cs_client */;

--
-- Dumping data for table `Cafe`
--

LOCK TABLES `Cafe` WRITE;
/*!40000 ALTER TABLE `Cafe` DISABLE KEYS */;
INSERT INTO `Cafe` VALUES (1,'Test Cafe','Test Adres','Istanbul',41.000000,29.000000,'1234567890','09:00-18:00',1,4.00,10,5),(2,'MOC Coffee Roastery','Hisar Sokak','Diyarbakır',39.342462,36.223200,'(760) 2185126','09:00-23:00',1,2.70,125,43),(3,'Coffee Department','Merkez Sokak','Aydın',41.876630,38.904652,'(819) 7500142','09:00-23:00',1,4.25,460,37),(4,'Mado Cafe','Beyazıt Sokak','Aydın',40.600638,27.119900,'(634) 3192298','10:00-00:00',1,2.14,11,19),(5,'Gabfoods Coffee','Kanyon Sokak','Konya',36.244510,30.129268,'(985) 8653014','10:00-00:00',1,3.32,411,25),(6,'Probador Colectiva','Çamlık Sokak','Kırşehir',36.037206,28.968769,'(457) 1891187','07:00-20:00',1,3.28,465,20),(7,'Çekirdek','Menekşe Sokak','Çorum',41.187350,42.025493,'(735) 7891856','10:00-00:00',1,1.66,38,35),(8,'Nero','Sardunya Sokak','Bolu',41.773853,31.482337,'(300) 2779922','09:00-23:00',0,2.98,244,45),(9,'BigChefs Coffee Bar','Harman Sokak','Mersin',37.716358,28.915936,'(796) 1232224','08:00-22:00',1,3.90,50,28),(10,'Montag Coffee','Erciyes Sokak','Sakarya',37.549746,26.978232,'(222) 2234114','07:00-20:00',0,2.89,44,12),(11,'Walter’s Coffee Roastery','Gar Sokak','İzmir',41.792380,35.330654,'(243) 3504567','09:00-23:00',0,1.04,356,31),(12,'Çekirdek','19 Mayıs Caddesi','Bursa',40.451968,42.717401,'(731) 9421458','07:00-20:00',1,1.96,407,46),(13,'Craft Coffee Roasters','Irmak Sokak','Muğla',36.235639,30.485752,'(359) 2493851','08:00-22:00',0,1.36,421,25),(14,'Probador Colectiva','Ay Sokak','Erzincan',39.252791,30.544314,'(938) 3090330','10:00-00:00',1,2.33,142,14),(15,'Coffee Manifesto','Sanayi Caddesi','Kahramanmaraş',41.039733,35.430272,'(769) 5807891','08:00-22:00',1,4.50,405,12),(16,'Doğal Kahve','Barbaros Caddesi','Karaman',40.310355,36.813449,'(778) 6585588','08:00-22:00',1,2.67,453,15),(17,'Kocatepe Kahve Evi','Depo Sokak','Yozgat',40.372814,37.409724,'(847) 1290747','10:00-00:00',0,3.42,211,29),(18,'Federal Coffee Company','Göztepe Sokak','Samsun',41.714533,37.542242,'(390) 2982204','07:00-20:00',1,4.87,443,37),(19,'Coffee Corner','Karacaoğlan Caddesi','Osmaniye',41.141211,37.531796,'(924) 2108589','09:00-23:00',1,4.64,291,28),(20,'Story Coffee','Hürriyet Caddesi','Van',38.267829,34.921372,'(775) 1036282','10:00-00:00',0,1.84,472,32),(21,'Starbucks','Mevlana Caddesi','Karaman',36.582770,38.025540,'(272) 4774187','08:00-22:00',0,2.38,163,30),(22,'Arabica Coffee House','Güneş Sokak','Aydın',40.714596,26.364326,'(256) 3812831','07:00-20:00',1,1.65,231,48),(23,'Rafine Espresso Bar','Elif Sokak','Erzincan',41.104697,35.741627,'(637) 9561582','09:00-23:00',0,3.05,451,40),(24,'Coffee Manifesto','Bozkır Sokak','Erzincan',36.813265,42.704998,'(950) 6811463','10:00-00:00',0,1.35,33,50),(25,'The House Cafe','Tevfik Fikret Caddesi','Erzincan',38.284481,27.747927,'(792) 3393312','07:00-20:00',1,3.84,26,24),(26,'Cup of Joy','Bağ Sokak','Kırıkkale',37.078530,29.550356,'(701) 1186968','09:00-23:00',1,1.26,60,16),(27,'Seyfi Coffee Roasters','Talatpaşa Caddesi','Siirt',37.441408,31.495603,'(131) 8954786','09:00-23:00',0,2.01,205,31),(28,'Kahveci Aziz','Atmaca Sokak','Bilecik',36.096094,37.668690,'(906) 3266419','07:00-20:00',0,3.36,470,47),(29,'Coffee Manifesto','Tepelik Sokak','Çanakkale',40.811807,30.134501,'(353) 4762456','10:00-00:00',1,2.93,341,34),(30,'Cup of Joy','Yeni Hayat Sokak','Sakarya',41.239957,31.024938,'(526) 1370303','09:00-23:00',1,2.84,152,50),(31,'Petra Roasting Co.','Barış Sokak','Kayseri',40.239714,26.352814,'(803) 9451254','07:00-20:00',0,3.05,23,49),(32,'Lavazza','Yunus Emre Caddesi','Şırnak',40.447250,28.345155,'(885) 4033558','08:00-22:00',0,3.07,179,46),(33,'Petra Roasting Co.','Zirve Sokak','Kahramanmaraş',38.491944,34.359510,'(619) 5940894','08:00-22:00',1,2.52,326,50),(34,'Granite Coffee','Kütüphane Sokak','Bingöl',38.709416,35.453474,'(190) 3443073','08:00-22:00',0,3.40,318,20),(35,'Brew Coffee Works','Depo Sokak','Kastamonu',39.176675,31.776125,'(432) 7151279','07:00-20:00',0,2.49,65,45),(36,'Özsüt','Munzur Sokak','Trabzon',41.408065,31.193129,'(681) 4590135','10:00-00:00',1,2.34,180,40),(37,'Montag Coffee','Kurtoğlu Sokak','Kırıkkale',37.702665,31.966165,'(863) 2970539','09:00-23:00',0,4.01,75,30),(38,'Federal Coffee Company','Gar Sokak','Samsun',40.398546,41.519182,'(579) 2420927','08:00-22:00',1,3.89,167,42),(39,'Kahveci Aziz','Kültür Sokak','Kars',40.126464,37.563121,'(114) 8852677','07:00-20:00',0,1.33,212,11),(40,'Sol Coffee','Sabahattin Ali Sokak','Bingöl',37.103625,27.020107,'(220) 2759155','07:00-20:00',0,1.70,211,46),(41,'Coffee Sapiens','Yayla Sokak','Van',37.123518,42.843744,'(258) 5091583','08:00-22:00',0,2.34,249,47),(42,'Nero','Orkide Sokak','Van',41.430039,41.573575,'(182) 4961773','07:00-20:00',0,4.52,458,27),(43,'Cafe Cadde','Kuyu Sokak','Antalya',37.601934,26.509287,'(549) 5689762','10:00-00:00',0,2.48,250,34),(44,'Montag Coffee','Hanımeli Sokak','Tunceli',37.609810,39.734439,'(105) 5502280','09:00-23:00',0,3.52,253,14),(45,'Kronotrop','Lale Sokak','Aksaray',36.287476,30.733197,'(320) 6127837','09:00-23:00',1,2.08,303,23),(46,'Gloria Jean’s Coffees','Yaşam Sokak','Uşak',39.821877,31.623050,'(747) 8212913','09:00-23:00',0,3.60,442,16),(47,'Kafe Keyfi','Karanfil Sokak','Isparta',41.733003,28.509755,'(170) 6777262','09:00-23:00',0,4.86,24,45),(48,'Özsüt','Karadeniz Caddesi','Kilis',36.520999,40.378228,'(669) 6917902','07:00-20:00',1,3.77,182,14),(49,'Arabica Coffee House','Trakya Caddesi','Batman',37.300097,41.419288,'(548) 5275486','10:00-00:00',1,2.28,61,42),(50,'Sol Coffee','Doktorlar Caddesi','Mardin',38.016247,34.890475,'(407) 3840219','10:00-00:00',1,1.02,333,25),(51,'Madam Despina Cafe','Reşat Nuri Sokak','Kars',40.713802,42.342293,'(326) 4802356','09:00-23:00',1,3.53,311,28),(52,'Geyik Coffee Roastery','Marmara Caddesi','Kırıkkale',41.829828,40.694605,'(327) 9312975','09:00-23:00',1,4.07,74,32),(53,'Çekirdek','Kanuni Sultan Süleyman Caddesi','Kastamonu',38.806427,38.339994,'(695) 5754312','08:00-22:00',0,2.43,374,17),(54,'The House Cafe','Aydınlık Sokak','Amasya',39.533793,41.082392,'(842) 3130512','08:00-22:00',0,2.27,307,30),(55,'Petra Roasting Co.','Turna Sokak','Düzce',41.415453,34.198747,'(918) 4971651','08:00-22:00',0,1.20,344,50),(56,'Mado Cafe','Marmara Caddesi','Balıkesir',40.174286,35.600371,'(798) 3977936','10:00-00:00',1,1.91,72,17),(57,'Gabfoods Coffee','Spor Sokak','Kahramanmaraş',37.407438,34.953183,'(353) 9192602','08:00-22:00',0,4.23,227,24),(58,'Kocatepe Kahve Evi','Gaziler Sokak','Amasya',38.563782,32.923184,'(281) 7467043','07:00-20:00',0,1.08,210,10),(59,'The House Cafe','Pınar Sokak','Tekirdağ',40.139238,43.114914,'(452) 1604164','10:00-00:00',1,4.22,38,29),(60,'Kahveci Aziz','Ardıç Sokak','Konya',37.530400,41.811148,'(481) 1043441','09:00-23:00',0,1.60,185,22),(61,'Federal Coffee Company','Meydan Caddesi','Kayseri',39.888830,42.998782,'(308) 7126081','08:00-22:00',0,1.10,230,25),(62,'Montag Coffee','Tren Sokak','Osmaniye',38.694224,32.243509,'(910) 8762769','10:00-00:00',0,4.35,91,46),(63,'Taft Coffee Co.','Cumhuriyet Sokak','Sakarya',41.717805,36.827755,'(645) 9695839','08:00-22:00',0,2.70,195,33),(64,'Coffeemamma','Gümüş Sokak','Çankırı',36.517694,30.558214,'(671) 6932223','08:00-22:00',0,2.05,436,32),(65,'Coffee Department','Nergis Sokak','Çanakkale',38.383255,38.108481,'(376) 1012324','10:00-00:00',1,3.80,263,45),(66,'Poiká Coffee','Ihlamur Sokak','Kırklareli',37.332847,31.703460,'(767) 9087915','07:00-20:00',0,4.86,250,12),(67,'Coffeemamma','Şahin Sokak','Bilecik',40.512263,35.752936,'(324) 9502057','10:00-00:00',1,2.12,364,47),(68,'Coffee Project','Zehra Sokak','Tekirdağ',41.188520,32.248653,'(444) 2726938','10:00-00:00',1,4.49,327,42),(69,'Coffee Project','Hisar Sokak','Amasya',40.272474,34.887349,'(236) 6719084','08:00-22:00',0,1.71,104,40),(70,'Kocatepe Kahve Evi','Bahar Sokak','Karabük',39.167779,39.024725,'(981) 5552879','08:00-22:00',0,1.65,411,18),(71,'Çınaraltı Kahve','Yaşam Sokak','Bayburt',36.887849,41.302822,'(834) 4602396','08:00-22:00',1,2.41,425,12),(72,'Kahveci Niyazi','Leylak Sokak','Osmaniye',39.481569,37.963142,'(979) 2544149','10:00-00:00',0,1.54,126,17),(73,'Madam Despina Cafe','Lale Sokak','Ankara',38.304372,30.764491,'(454) 8601800','09:00-23:00',0,1.24,216,38),(74,'Coffee Corner','Belediye Caddesi','Erzincan',40.987248,39.730750,'(250) 6003426','09:00-23:00',0,2.47,435,23),(75,'Rafine Espresso Bar','Kuyu Sokak','Kastamonu',41.194697,40.264723,'(822) 3944781','10:00-00:00',1,3.88,325,25),(76,'Coffee Project','Merkez Sokak','Trabzon',37.350415,29.135229,'(768) 9550903','09:00-23:00',1,1.34,485,15),(77,'Walter’s Coffee Roastery','Yıldırım Beyazıt Caddesi','Bolu',39.123123,44.258534,'(760) 2658564','10:00-00:00',0,1.14,78,22),(78,'Kahve Diyarı','Toros Sokak','Yalova',36.437985,43.672393,'(860) 3284350','07:00-20:00',1,3.22,286,26),(79,'Petra Roasting Co.','Kaymakamlık Caddesi','Konya',38.261611,44.596632,'(337) 5422559','07:00-20:00',1,2.21,63,18),(80,'Taft Coffee Co.','Bulut Sokak','Edirne',36.446626,29.682941,'(859) 8517160','07:00-20:00',0,1.02,370,10),(81,'MOC Coffee Roastery','Hürriyet Caddesi','Gaziantep',39.249365,42.344614,'(898) 5634285','08:00-22:00',0,3.82,93,45),(82,'Walter’s Coffee Roastery','Kayalık Sokak','Mersin',37.246837,29.582340,'(869) 5644696','07:00-20:00',0,2.73,420,30),(83,'Poiká Coffee','Sedirlik Sokak','Elazığ',41.606821,35.004649,'(843) 9623847','08:00-22:00',0,2.06,348,43),(84,'Çınaraltı Kahve','Kavaklı Sokak','Balıkesir',40.083754,28.881033,'(152) 3404632','09:00-23:00',1,4.89,435,40),(85,'Starbucks','Yıldırım Beyazıt Caddesi','Nevşehir',36.010710,33.161684,'(181) 1647819','09:00-23:00',0,1.18,222,26),(86,'Kocatepe Kahve Evi','Vapur Sokak','Şırnak',37.004866,32.951649,'(585) 8676492','08:00-22:00',0,2.00,228,25),(87,'Coffeemamma','Çamlık Sokak','Aydın',37.814704,30.020435,'(300) 7491814','07:00-20:00',0,2.18,136,11),(88,'Gabfoods Coffee','Özgürlük Sokak','Ardahan',36.204768,37.399075,'(744) 6811680','10:00-00:00',0,3.08,24,15),(89,'Sol Coffee','Endüstri Caddesi','Rize',40.318712,26.433736,'(164) 7012412','10:00-00:00',0,2.90,85,33),(90,'Barista Club','Kaynak Sokak','Kayseri',39.950720,27.961298,'(173) 7174801','07:00-20:00',1,2.73,5,20),(91,'Geyik Coffee Roastery','19 Mayıs Caddesi','Burdur',37.208614,28.542833,'(785) 6652115','08:00-22:00',0,3.00,224,12),(92,'Kahveci Aziz','Kanyon Sokak','Siirt',41.538081,27.813580,'(726) 3215965','07:00-20:00',1,1.42,292,28),(93,'Kahve Diyarı','Vatan Caddesi','Aksaray',41.701039,27.681491,'(421) 7020056','07:00-20:00',0,3.81,325,38),(94,'Cafe Cadde','Akdeniz Caddesi','Siirt',38.535300,42.744907,'(797) 9297652','07:00-20:00',1,3.97,173,31),(95,'Rafine Espresso Bar','Gül Sokak','Batman',41.826961,26.403962,'(982) 5132625','09:00-23:00',1,4.56,163,49),(96,'Poiká Coffee','Irmak Sokak','Düzce',38.516742,40.476940,'(650) 2246506','07:00-20:00',0,1.80,297,43),(97,'Walter’s Coffee Roastery','Karadeniz Caddesi','Balıkesir',41.022011,35.722273,'(634) 8574114','08:00-22:00',0,4.30,410,12),(98,'Gabfoods Coffee','Dalga Sokak','Sakarya',40.698078,33.567145,'(811) 2900944','07:00-20:00',1,1.34,163,44),(99,'MOC Coffee Roastery','Fatih Caddesi','Erzurum',41.112309,39.511139,'(135) 7861985','08:00-22:00',0,2.24,125,34),(100,'Drip Coffeeist','Balıkçı Sokak','Tunceli',40.798759,40.823173,'(650) 6609335','07:00-20:00',1,4.70,283,41),(101,'Nero','Papatya Sokak','Gümüşhane',38.919224,31.749336,'(736) 4850661','08:00-22:00',0,2.64,226,37),(102,'Coffee Department','Ararat Sokak','Afyonkarahisar',37.949369,29.739057,'(903) 3355005','09:00-23:00',1,4.65,88,42),(103,'Coffee Department','Yeni Hayat Sokak','Zonguldak',39.543399,36.378142,'(951) 8252469','10:00-00:00',0,1.24,7,11),(104,'Petra Roasting Co.','Selçuklu Caddesi','Şanlıurfa',38.969241,29.083288,'(120) 4187179','08:00-22:00',1,3.38,259,14),(105,'Montag Coffee','Ağrı Sokak','Ağrı',36.877230,41.487440,'(156) 2948477','10:00-00:00',0,1.51,400,35),(106,'Coffee Department','Kanuni Sultan Süleyman Caddesi','Aksaray',36.970887,38.117127,'(945) 4960436','09:00-23:00',1,4.19,339,20),(107,'Rafine Espresso Bar','Yeni Hayat Sokak','Burdur',39.760832,44.023050,'(702) 4292648','08:00-22:00',0,2.47,488,24),(108,'Arabica Coffee House','Ticaret Caddesi','Bingöl',37.402999,28.879075,'(977) 4111188','08:00-22:00',0,3.81,210,11),(109,'Kahve Dünyası','Ararat Sokak','Bolu',37.936111,41.168070,'(562) 1312349','09:00-23:00',1,4.35,5,14),(110,'Çınaraltı Kahve','Palmiye Sokak','Batman',37.269735,33.820464,'(501) 5388286','09:00-23:00',0,2.23,168,41),(111,'Federal Coffee Company','Kartal Sokak','Ankara',41.434573,26.559241,'(571) 8065005','09:00-23:00',1,4.08,0,16),(112,'EspressoLab','Ay Sokak','Osmaniye',40.029920,43.222724,'(654) 1539312','09:00-23:00',1,2.64,117,10),(113,'Doğal Kahve','Evren Sokak','Ağrı',36.465871,27.312670,'(365) 2015632','10:00-00:00',0,3.43,288,31),(114,'Walter’s Coffee Roastery','Kumsal Sokak','Gaziantep',36.468515,42.450335,'(701) 7653151','08:00-22:00',1,2.00,196,41),(115,'Kronotrop','Gül Sokak','Sakarya',41.177202,37.604492,'(224) 3246029','07:00-20:00',0,3.63,493,16),(116,'Arabica Coffee House','Yüce Sokak','Bayburt',37.098079,42.739574,'(728) 5283809','07:00-20:00',1,2.33,450,11),(117,'Story Coffee','Çamlık Sokak','Giresun',37.075067,36.002893,'(744) 2008435','09:00-23:00',0,4.86,323,48),(118,'Gloria Jean’s Coffees','Lale Sokak','Bartın',37.847372,32.477961,'(777) 8380621','08:00-22:00',0,3.67,187,36),(119,'Doğal Kahve','Gazi Caddesi','Kayseri',41.543050,33.917580,'(831) 5249445','07:00-20:00',1,1.47,466,28),(120,'Geyik Coffee Roastery','Selçuklu Caddesi','Mersin',38.683640,32.323715,'(985) 3278966','09:00-23:00',0,2.23,469,40),(121,'Kahve Dünyası','Talatpaşa Caddesi','Batman',38.782365,34.762322,'(416) 5719009','07:00-20:00',1,1.10,317,28),(122,'Nero','Pir Sultan Abdal Caddesi','Zonguldak',38.792643,35.416889,'(159) 7769163','10:00-00:00',1,1.48,103,42),(123,'Federal Coffee Company','Meltem Sokak','Denizli',41.894489,28.402661,'(212) 4436124','09:00-23:00',0,3.29,375,12),(124,'Drip Coffeeist','Ova Sokak','Uşak',37.403502,43.605350,'(313) 3181349','07:00-20:00',0,2.13,335,27),(125,'Walter’s Coffee Roastery','Begonya Sokak','Erzurum',36.024738,34.665286,'(567) 1330322','10:00-00:00',0,4.81,18,25),(126,'Madam Despina Cafe','Kavak Sokak','Artvin',36.274875,39.770684,'(293) 9218107','10:00-00:00',0,1.82,335,15),(127,'Montag Coffee','Çınar Sokak','Ardahan',36.564575,43.450103,'(274) 6795734','10:00-00:00',0,1.42,497,40),(128,'Brew Coffee Works','Şair Eşref Caddesi','Trabzon',37.631715,43.636027,'(925) 1152638','08:00-22:00',1,2.44,206,41),(129,'Montag Coffee','Yunus Emre Caddesi','Niğde',39.971724,33.990341,'(773) 1231461','08:00-22:00',1,4.38,381,30),(130,'Çınaraltı Kahve','Serçe Sokak','Bursa',38.824499,28.299181,'(804) 7227952','09:00-23:00',0,1.55,367,21),(131,'Kahve Diyarı','Stadyum Caddesi','Hakkâri',41.364135,32.212961,'(259) 9115263','07:00-20:00',1,4.76,155,50),(132,'Montag Coffee','Yıldız Sokak','Manisa',38.248731,31.760880,'(189) 4413105','07:00-20:00',0,1.98,36,17),(133,'Kronotrop','Meltem Sokak','Osmaniye',39.149560,44.545513,'(759) 1666680','09:00-23:00',1,4.12,193,44),(134,'Doğal Kahve','İnönü Caddesi','Bitlis',41.684825,44.285638,'(705) 6686828','07:00-20:00',1,4.22,349,17),(135,'Brew Coffee Works','Yamaç Sokak','Bursa',40.330444,44.839130,'(422) 1689861','08:00-22:00',0,3.15,10,34),(136,'Tchibo','Ay Sokak','Erzurum',41.749572,34.546395,'(378) 7047892','08:00-22:00',1,1.01,385,39),(137,'Taft Coffee Co.','Sabahattin Ali Sokak','Sinop',40.047709,28.195349,'(583) 5003917','08:00-22:00',1,4.14,355,41),(138,'Kronotrop','Ege Caddesi','Şırnak',41.273714,26.301813,'(538) 6317184','10:00-00:00',0,4.14,440,12),(139,'Coffee Department','Birlik Sokak','Antalya',38.819813,28.101977,'(689) 2855717','08:00-22:00',0,1.91,5,16),(140,'Montag Coffee','Rumeli Caddesi','Gümüşhane',36.624056,36.142010,'(662) 3318038','08:00-22:00',0,2.92,383,14),(141,'Petra Roasting Co.','Akdeniz Caddesi','Hakkâri',40.203193,43.292890,'(813) 7954637','10:00-00:00',1,3.97,318,50),(142,'Coffee Sapiens','Pazar Sokak','Antalya',38.922567,29.429453,'(646) 7463761','08:00-22:00',0,1.54,404,20),(143,'Nero','Şehit Mustafa Sokak','Bursa',37.035486,27.953933,'(733) 7241819','08:00-22:00',0,1.02,6,40),(144,'Kahve Diyarı','Kocatepe Sokak','Karaman',41.188057,32.503617,'(570) 9376746','08:00-22:00',0,1.72,219,10),(145,'Coffee Sapiens','Merkez Sokak','Mardin',39.208068,32.910636,'(731) 5386634','09:00-23:00',0,4.29,133,16),(146,'Arabica Coffee House','Sevgi Sokak','Aydın',36.889306,27.574234,'(671) 2155394','09:00-23:00',0,4.60,166,16),(147,'MOC Coffee Roastery','Çiğdem Sokak','Çanakkale',37.262963,27.565283,'(574) 8486935','09:00-23:00',1,4.20,77,18),(148,'Poiká Coffee','Beyazıt Sokak','Konya',38.236504,28.155376,'(635) 1309813','07:00-20:00',0,1.67,464,12),(149,'Kafe Keyfi','Arnavut Sokak','Denizli',37.926827,35.789631,'(328) 9420148','09:00-23:00',1,1.26,112,17),(150,'Doğal Kahve','Zehra Sokak','Çorum',41.926200,32.719805,'(999) 3943471','07:00-20:00',0,2.65,48,34),(151,'Barista Club','Kartal Sokak','Mersin',36.700293,44.023777,'(204) 5900622','09:00-23:00',0,2.00,358,16),(152,'Kronotrop','Endüstri Caddesi','Niğde',37.617638,38.567810,'(137) 4585411','07:00-20:00',0,4.68,403,44),(153,'Brew Coffee Works','Ardıç Sokak','Iğdır',36.099470,37.586218,'(969) 4728490','10:00-00:00',1,1.92,135,34),(154,'Drip Coffeeist','Selçuklu Caddesi','Karaman',36.164538,26.863129,'(984) 5356819','09:00-23:00',0,1.59,456,21),(155,'Coffeemamma','Nehir Sokak','Bayburt',38.985394,36.897812,'(327) 8065092','09:00-23:00',1,2.78,96,45),(156,'Coffee Corner','Demokrasi Sokak','Giresun',38.598755,32.821869,'(138) 7991105','10:00-00:00',1,3.74,38,33),(157,'Walter’s Coffee Roastery','Tünel Sokak','Kütahya',41.199231,34.297794,'(118) 9387327','09:00-23:00',0,1.85,83,47),(158,'Coffee Department','Köprü Sokak','Antalya',39.483170,27.839355,'(137) 9154347','10:00-00:00',0,2.23,194,19),(159,'Coffee Department','Palmiye Sokak','Karabük',37.159392,43.855400,'(871) 2658323','07:00-20:00',0,2.38,394,20),(160,'Montag Coffee','Menekşe Sokak','Zonguldak',41.730859,36.007925,'(666) 2945989','10:00-00:00',1,1.59,444,25),(161,'Walter’s Coffee Roastery','Bağ Sokak','Şanlıurfa',37.183457,39.866951,'(288) 3874762','10:00-00:00',1,2.47,27,38),(162,'Tchibo','Gümüş Sokak','Aksaray',38.475978,31.247985,'(107) 6185483','08:00-22:00',0,1.36,282,11),(163,'EspressoLab','Belediye Caddesi','Ardahan',37.834197,41.913132,'(245) 8528613','09:00-23:00',0,4.10,181,46),(164,'Cup of Joy','Altın Sokak','Adana',37.847359,37.586895,'(915) 5401430','07:00-20:00',1,3.26,269,33),(165,'Kafe Keyfi','Bağ Sokak','Çorum',41.350140,41.831958,'(672) 8424666','07:00-20:00',0,4.89,172,41),(166,'MOC Coffee Roastery','Balıkçı Sokak','Denizli',41.002816,32.242973,'(268) 7679670','09:00-23:00',1,2.79,485,46),(167,'Coffee Project','Edebiyat Sokak','Mersin',40.726681,27.105111,'(986) 6374154','09:00-23:00',0,1.70,281,10),(168,'Coffee Project','Yavuz Sultan Selim Caddesi','Rize',39.481922,41.982980,'(174) 4561155','08:00-22:00',1,4.53,320,23),(169,'Nero','Cudi Sokak','Kütahya',41.977059,40.295500,'(607) 5634947','10:00-00:00',1,3.99,7,33),(170,'Nero','Şehitler Caddesi','Kayseri',37.599345,28.554573,'(145) 6079882','07:00-20:00',0,3.88,57,14),(171,'Story Coffee','Kestane Sokak','Sakarya',36.410799,28.526379,'(353) 6985699','08:00-22:00',0,1.98,218,12),(172,'Lavazza','Pınar Sokak','Kırklareli',39.314182,35.265426,'(470) 3588687','08:00-22:00',0,2.98,3,12),(173,'Özsüt','Kaçkar Sokak','Bursa',37.803437,30.826283,'(211) 5199174','10:00-00:00',0,2.90,405,10),(174,'Cafe Cadde','Stadyum Caddesi','Denizli',37.482701,28.891384,'(623) 1256946','08:00-22:00',0,3.40,310,25),(175,'Kahveci Niyazi','Pazar Sokak','Yalova',39.925381,27.309058,'(713) 6610182','07:00-20:00',1,3.42,51,41),(176,'Sol Coffee','Irmak Sokak','Adıyaman',39.812265,43.131258,'(633) 7241838','08:00-22:00',1,4.41,349,15),(177,'Petra Roasting Co.','Stadyum Caddesi','Uşak',40.829985,37.477267,'(249) 2915837','10:00-00:00',0,5.00,460,46),(178,'Poiká Coffee','Avcılar Sokak','Artvin',38.138271,33.459040,'(263) 4693782','08:00-22:00',1,3.46,373,46),(179,'Cafe Cadde','Ağrı Sokak','Van',41.099933,29.897606,'(607) 6367120','08:00-22:00',1,2.77,490,12),(180,'Gloria Jean’s Coffees','Cami Sokak','Batman',36.395574,38.552693,'(201) 4624906','10:00-00:00',1,2.80,2,49),(181,'Brew Coffee Works','Belediye Caddesi','Denizli',37.111741,31.637446,'(213) 9236422','09:00-23:00',0,3.68,378,24),(182,'Coffee Project','Ege Caddesi','Malatya',39.555781,43.217977,'(413) 3801968','10:00-00:00',1,4.98,165,35),(183,'Geyik Coffee Roastery','Palmiye Sokak','Afyonkarahisar',41.965491,43.860683,'(671) 1004987','07:00-20:00',0,4.40,180,15),(184,'Madam Despina Cafe','Bağ Sokak','İzmir',39.023206,31.515568,'(512) 8955720','09:00-23:00',1,4.09,374,18),(185,'BigChefs Coffee Bar','Kaynak Sokak','Düzce',40.726821,29.705822,'(800) 5432486','09:00-23:00',0,2.70,197,35),(186,'Brew Coffee Works','Yeni Hayat Sokak','Artvin',39.608603,43.496950,'(120) 8389157','07:00-20:00',0,2.72,356,26),(187,'Kafe Keyfi','Sedirlik Sokak','Isparta',40.227246,32.120014,'(150) 4063069','09:00-23:00',1,3.34,211,14),(188,'Çekirdek','Sanayi Caddesi','İzmir',38.105114,43.349161,'(572) 4608382','07:00-20:00',1,3.29,390,45),(189,'Kocatepe Kahve Evi','Yıldız Sokak','Zonguldak',41.664207,29.559371,'(946) 2829642','08:00-22:00',1,2.30,350,22),(190,'Mado Cafe','Sabahattin Ali Sokak','Düzce',39.933613,44.572561,'(340) 2577307','09:00-23:00',0,4.39,193,37),(191,'Rafine Espresso Bar','Şehit Mustafa Sokak','Gaziantep',36.698307,44.925001,'(802) 2669449','10:00-00:00',1,2.46,475,46),(192,'Madam Despina Cafe','Soli Sokak','Zonguldak',39.977182,33.305721,'(798) 1226123','08:00-22:00',1,1.33,386,36),(193,'Madam Despina Cafe','Orkide Sokak','Manisa',36.238931,39.543591,'(581) 6849446','07:00-20:00',0,2.10,361,35),(194,'Cafe Cadde','Okul Sokak','İstanbul',41.682098,42.870522,'(916) 4169312','10:00-00:00',0,1.63,187,20),(195,'Kahve Diyarı','Ağrı Sokak','Düzce',38.295546,31.065963,'(291) 1816535','08:00-22:00',0,3.98,409,29),(196,'MOC Coffee Roastery','Köprü Sokak','Antalya',38.720245,36.378800,'(456) 5894877','07:00-20:00',0,2.91,236,47),(197,'Çınaraltı Kahve','Kütüphane Sokak','Tekirdağ',41.091969,32.575450,'(600) 5718097','10:00-00:00',1,2.18,367,17),(198,'Kronotrop','Kayın Sokak','Sivas',39.113252,44.152737,'(407) 4692544','08:00-22:00',0,1.87,433,19),(199,'Seyfi Coffee Roasters','Bozkır Sokak','Muğla',41.044662,43.824949,'(229) 6494046','10:00-00:00',1,2.71,332,35),(200,'Barista Club','Yaşam Sokak','Konya',36.810284,33.545885,'(794) 6129188','10:00-00:00',1,4.07,44,30);
/*!40000 ALTER TABLE `Cafe` ENABLE KEYS */;
UNLOCK TABLES;

--
-- Table structure for table `Cafe_Menu`
--

DROP TABLE IF EXISTS `Cafe_Menu`;
/*!40101 SET @saved_cs_client     = @@character_set_client */;
/*!50503 SET character_set_client = utf8mb4 */;
CREATE TABLE `Cafe_Menu` (
  `cafe_id` int NOT NULL,
  `menu_id` int NOT NULL,
  `price` decimal(6,2) DEFAULT NULL,
  PRIMARY KEY (`cafe_id`,`menu_id`),
  KEY `menu_id` (`menu_id`),
  CONSTRAINT `cafe_menu_ibfk_1` FOREIGN KEY (`cafe_id`) REFERENCES `Cafe` (`cafe_id`),
  CONSTRAINT `cafe_menu_ibfk_2` FOREIGN KEY (`menu_id`) REFERENCES `Menu_Item` (`menu_id`)
) ENGINE=InnoDB DEFAULT CHARSET=utf8mb4 COLLATE=utf8mb4_0900_ai_ci;
/*!40101 SET character_set_client = @saved_cs_client */;

--
-- Dumping data for table `Cafe_Menu`
--

LOCK TABLES `Cafe_Menu` WRITE;
/*!40000 ALTER TABLE `Cafe_Menu` DISABLE KEYS */;
/*!40000 ALTER TABLE `Cafe_Menu` ENABLE KEYS */;
UNLOCK TABLES;

--
-- Table structure for table `Employee`
--

DROP TABLE IF EXISTS `Employee`;
/*!40101 SET @saved_cs_client     = @@character_set_client */;
/*!50503 SET character_set_client = utf8mb4 */;
CREATE TABLE `Employee` (
  `employee_id` int NOT NULL AUTO_INCREMENT,
  `name` varchar(100) NOT NULL,
  `experience_years` int DEFAULT NULL,
  `role` varchar(10) DEFAULT NULL,
  `managed_cafe_id` int DEFAULT NULL,
  PRIMARY KEY (`employee_id`),
  KEY `fk_employee_managed_cafe` (`managed_cafe_id`),
  CONSTRAINT `employee_ibfk_1` FOREIGN KEY (`managed_cafe_id`) REFERENCES `Cafe` (`cafe_id`),
  CONSTRAINT `fk_employee_managed_cafe` FOREIGN KEY (`managed_cafe_id`) REFERENCES `Cafe` (`cafe_id`),
  CONSTRAINT `employee_chk_1` CHECK ((`experience_years` >= 0)),
  CONSTRAINT `employee_chk_2` CHECK ((`role` in (_utf8mb4'barista',_utf8mb4'manager')))
) ENGINE=InnoDB AUTO_INCREMENT=543 DEFAULT CHARSET=utf8mb4 COLLATE=utf8mb4_0900_ai_ci;
/*!40101 SET character_set_client = @saved_cs_client */;

--
-- Dumping data for table `Employee`
--

LOCK TABLES `Employee` WRITE;
/*!40000 ALTER TABLE `Employee` DISABLE KEYS */;
INSERT INTO `Employee` VALUES (1,'Ahmet Yılmaz',8,'manager',1),(2,'Ayşe Demir',6,'manager',2),(3,'Mehmet Kara',10,'manager',3),(4,'Elif Aslan',4,'manager',4),(5,'Burak Şahin',12,'manager',5),(6,'Ceren Yıldırım',5,'manager',6),(7,'Kadir Güneş',9,'manager',7),(8,'Melis Taş',3,'manager',8),(9,'Emre Duru',7,'manager',9),(10,'Şule Kaplan',11,'manager',10),(11,'Hakan Açıkgöz',8,'manager',11),(12,'Gülşah Tekin',6,'manager',12),(13,'Onur Yıldız',10,'manager',13),(14,'Seda Yalçın',4,'manager',14),(15,'Oğuzhan Er',5,'manager',15),(16,'Derya Çakır',7,'manager',16),(17,'Mertcan Sağlam',9,'manager',17),(18,'Nazan Gür',3,'manager',18),(19,'Tolga Sezer',6,'manager',19),(20,'Nurdan Seval',8,'manager',20),(21,'Yasin Doğan',12,'manager',21),(22,'Ezgi Görkem',4,'manager',22),(23,'Serkan Kaplan',10,'manager',23),(24,'Dilek Aksoy',7,'manager',24),(25,'Umut Yener',5,'manager',25),(26,'Sibel Uçar',9,'manager',26),(27,'Furkan Erol',8,'manager',27),(28,'Zeynep Solmaz',6,'manager',28),(29,'Alihan Tunç',11,'manager',29),(30,'Buse Karaca',3,'manager',30),(31,'Kerem İnce',7,'manager',31),(32,'Sinem Savaş',5,'manager',32),(33,'Batuhan Korkmaz',9,'manager',33),(34,'Cansu Eker',4,'manager',34),(35,'Vedat Kalyon',11,'manager',35),(36,'İrem Türel',6,'manager',36),(37,'Tolgahan Erbil',10,'manager',37),(38,'Gizem Süer',3,'manager',38),(39,'Harun Koç',8,'manager',39),(40,'Melike Baki',6,'manager',40),(41,'Serhat Güner',9,'manager',41),(42,'Ebru Altay',4,'manager',42),(43,'Musa Karatay',7,'manager',43),(44,'Naz Yel',5,'manager',44),(45,'Enes Yazıcı',12,'manager',45),(46,'Şevval Kurt',3,'manager',46),(47,'Yiğit Güçlü',8,'manager',47),(48,'Hülya Baş',4,'manager',48),(49,'Halil Bozan',10,'manager',49),(50,'Dilara Çetin',6,'manager',50),(51,'Fatih Kal',11,'manager',51),(52,'Eda Boran',3,'manager',52),(53,'Tamer Acar',7,'manager',53),(54,'Müjde Yurt',6,'manager',54),(55,'Koray Bingöl',9,'manager',55),(56,'Aslı Nur Pek',4,'manager',56),(57,'Kıvanç Torun',8,'manager',57),(58,'Aylin Yurtseven',6,'manager',58),(59,'Bahadır Öner',12,'manager',59),(60,'Yelda Uz',5,'manager',60),(61,'Emin Kör',9,'manager',61),(62,'Arzu Candan',3,'manager',62),(63,'Levent Albayrak',11,'manager',63),(64,'Gaye Demirtaş',4,'manager',64),(65,'Taner Gün',6,'manager',65),(66,'Müge Aydın',7,'manager',66),(67,'Ferit Uğur',10,'manager',67),(68,'Berrin Esen',5,'manager',68),(69,'Mert Özkan',8,'manager',69),(70,'Eylül Şirin',3,'manager',70),(71,'Kaan Eskici',11,'manager',71),(72,'Beste Korkut',4,'manager',72),(73,'Sergen Yiğit',9,'manager',73),(74,'Ela Sağlam',3,'manager',74),(75,'Tolga Erek',12,'manager',75),(76,'Gözde Koç',6,'manager',76),(77,'Rıza Cem',10,'manager',77),(78,'Şirin Alkan',5,'manager',78),(79,'Levent Ay',7,'manager',79),(80,'Aysun Polat',4,'manager',80),(81,'Cihat Temel',8,'manager',81),(82,'Pelin Çandır',6,'manager',82),(83,'Yunus Delice',10,'manager',83),(84,'Esma Özen',3,'manager',84),(85,'Fikret Dur',11,'manager',85),(86,'Gülcan Çay',5,'manager',86),(87,'Necati Topal',9,'manager',87),(88,'Seda Arıkan',4,'manager',88),(89,'Onur Uçar',7,'manager',89),(90,'Fatma Şimşek',3,'manager',90),(91,'Doğukan Yaman',10,'manager',91),(92,'Nisa Kavak',5,'manager',92),(93,'Musa Gül',12,'manager',93),(94,'Mina Ersoy',4,'manager',94),(95,'Hakkı Yavuz',9,'manager',95),(96,'Tuğçe Gür',3,'manager',96),(97,'İlhan Toker',8,'manager',97),(98,'Selin Biçer',5,'manager',98),(99,'Bülent Orhan',10,'manager',99),(100,'Dilan Altun',4,'manager',100),(101,'Yılmaz Sağ',11,'manager',101),(102,'Sena Deveci',6,'manager',102),(103,'Baran Taş',9,'manager',103),(104,'Meltem Gözübüyük',3,'manager',104),(105,'Ufuk Tütün',8,'manager',105),(106,'Nazlı Karcı',4,'manager',106),(107,'Arda Seçkin',7,'manager',107),(108,'Seda Akgün',6,'manager',108),(109,'Şafak Baran',12,'manager',109),(110,'Müge Ün',5,'manager',110),(111,'Furkan Yalçın',9,'manager',111),(112,'Ece Dayı',3,'manager',112),(113,'Canberk Altıner',8,'manager',113),(114,'Aysel Ünver',4,'manager',114),(115,'Sedat Kalkan',10,'manager',115),(116,'Dilay Er',5,'manager',116),(117,'Kubilay Uzun',6,'manager',117),(118,'İpek Samur',3,'manager',118),(119,'Serdar Kılınç',11,'manager',119),(120,'Tuana Ok',4,'manager',120),(121,'Fatih Gürel',9,'manager',121),(122,'Gülay Kınay',3,'manager',122),(123,'Sinan Uz',12,'manager',123),(124,'Nazlı Karadeniz',7,'manager',124),(125,'Barış Pelit',10,'manager',125),(126,'Elvan Sarı',6,'manager',126),(127,'Ömer Faruk Yurt',9,'manager',127),(128,'Cemre Barut',4,'manager',128),(129,'Hüseyin Bora',5,'manager',129),(130,'Merve Uğurlu',6,'manager',130),(131,'Recep Sönmez',11,'manager',131),(132,'Pınar Uzun',4,'manager',132),(133,'Fırat Sar',8,'manager',133),(134,'Yasemin Tüter',5,'manager',134),(135,'Şükrü Keleş',10,'manager',135),(136,'İlknur Çakmak',3,'manager',136),(137,'Ramazan Sezer',11,'manager',137),(138,'Duygu Dural',6,'manager',138),(139,'Erol Sağ',8,'manager',139),(140,'Aslı Bozkurt',4,'manager',140),(141,'Taner Tay',9,'manager',141),(142,'Gamze Polat',3,'manager',142),(143,'Ekrem Mar',10,'manager',143),(144,'Zehra Tok',4,'manager',144),(145,'Serkan Akdeniz',12,'manager',145),(146,'Ece Mekik',5,'manager',146),(147,'Gökmen Kara',9,'manager',147),(148,'Aysu Deren',3,'manager',148),(149,'Faruk Evrim',8,'manager',149),(150,'Dicle Acar',4,'manager',150),(151,'Yalçın Korkut',7,'manager',151),(152,'Ebru Aydemir',5,'manager',152),(153,'Hakan Taşçı',10,'manager',153),(154,'Sibel Eker',6,'manager',154),(155,'İsmail Kula',11,'manager',155),(156,'Nida Bektaş',3,'manager',156),(157,'Sedat Cebeci',9,'manager',157),(158,'Meral Su',4,'manager',158),(159,'Yunus Kara',7,'manager',159),(160,'Buket Yorulmaz',6,'manager',160),(161,'Zeki Bilgin',12,'manager',161),(162,'Bahar Andıç',4,'manager',162),(163,'Emin Özgür',8,'manager',163),(164,'Narin Tur',3,'manager',164),(165,'Koray Yaz',9,'manager',165),(166,'Nilay Koç',5,'manager',166),(167,'Alper Sancak',7,'manager',167),(168,'Ferda Köse',4,'manager',168),(169,'Yavuz Duru',10,'manager',169),(170,'Zeliha Karakaya',3,'manager',170),(171,'Talha Üst',8,'manager',171),(172,'Merve Bağ',6,'manager',172),(173,'Said Kuş',12,'manager',173),(174,'Esra Gökçe',5,'manager',174),(175,'Mutlu Ben',7,'manager',175),(176,'Selma Öz',4,'manager',176),(177,'Veysel Öner',10,'manager',177),(178,'İlke Tam',3,'manager',178),(179,'Gökhan Bölük',9,'manager',179),(180,'Bartu Oğuz',4,'manager',180),(181,'Ayça Nur Yıldız',7,'manager',181),(182,'Yusuf Aydın',6,'manager',182),(183,'Meryem Atay',3,'manager',183),(184,'Zeki Demir',11,'manager',184),(185,'Melda Erkol',5,'manager',185),(186,'Fırat Tüm',9,'manager',186),(187,'Şeyda Koral',4,'manager',187),(188,'Demir Korkmaz',10,'manager',188),(189,'Züleyha Aytun',3,'manager',189),(190,'Günay Selek',12,'manager',190),(191,'Safa Ural',7,'manager',191),(192,'İdil Bıçak',5,'manager',192),(193,'Suat Kural',9,'manager',193),(194,'Zeynep Kafa',4,'manager',194),(195,'Talat Sungur',11,'manager',195),(196,'Hilal Uzun',6,'manager',196),(197,'Barış Köse',8,'manager',197),(198,'Damla Sevim',4,'manager',198),(199,'Vural Ünsal',9,'manager',199),(200,'Ayla Konuk',5,'manager',200),(201,'Ahmet Aksoy',4,'barista',NULL),(202,'Zeynep Arslan',2,'barista',NULL),(203,'Mehmet Kaya',3,'barista',NULL),(204,'Elif Demir',5,'barista',NULL),(205,'Burak Şahin',1,'barista',NULL),(206,'Seda Karaca',6,'barista',NULL),(207,'Emre Yıldız',2,'barista',NULL),(208,'Ceren Güneş',7,'barista',NULL),(209,'Oğuz Çelik',4,'barista',NULL),(210,'Buse Korkmaz',3,'barista',NULL),(211,'Mertcan Uçar',5,'barista',NULL),(212,'Ayşe Yaman',1,'barista',NULL),(213,'Kadir Doğan',8,'barista',NULL),(214,'Melis Özdemir',2,'barista',NULL),(215,'Serkan Aydın',3,'barista',NULL),(216,'İrem Sezer',6,'barista',NULL),(217,'Tolga Tural',4,'barista',NULL),(218,'Sinem Arı',5,'barista',NULL),(219,'Yusuf Duran',7,'barista',NULL),(220,'Nazlı Eker',2,'barista',NULL),(221,'Caner Taş',3,'barista',NULL),(222,'Gülşah Altun',6,'barista',NULL),(223,'Okan Yiğit',4,'barista',NULL),(224,'Eda Yalçın',3,'barista',NULL),(225,'Kerem Şen',8,'barista',NULL),(226,'Aslı Öztürk',2,'barista',NULL),(227,'Furkan Koç',3,'barista',NULL),(228,'Damla Er',4,'barista',NULL),(229,'Onur Karataş',5,'barista',NULL),(230,'Sude Güler',1,'barista',NULL),(231,'Cem Uğur',6,'barista',NULL),(232,'İlayda Acar',3,'barista',NULL),(233,'Hakan Özcan',7,'barista',NULL),(234,'Deniz Usta',4,'barista',NULL),(235,'Selin Bilir',2,'barista',NULL),(236,'Arda Yücel',5,'barista',NULL),(237,'Büşra Yurt',6,'barista',NULL),(238,'Umut Sarı',2,'barista',NULL),(239,'Seda Tunç',4,'barista',NULL),(240,'Merve Duru',3,'barista',NULL),(241,'Emrah Turan',7,'barista',NULL),(242,'Gizem Tunalı',4,'barista',NULL),(243,'Eray Akın',2,'barista',NULL),(244,'Eylül Özmen',3,'barista',NULL),(245,'Alperen Gür',6,'barista',NULL),(246,'Şevval Tümer',1,'barista',NULL),(247,'Musa Kaplan',5,'barista',NULL),(248,'Nilay Erden',3,'barista',NULL),(249,'Halil Çetin',2,'barista',NULL),(250,'Sude Taşkın',5,'barista',NULL),(251,'Çağatay Koral',4,'barista',NULL),(252,'Ece Baran',6,'barista',NULL),(253,'Tuna Ersoy',3,'barista',NULL),(254,'İdil Kalkan',2,'barista',NULL),(255,'Baran Gökçe',7,'barista',NULL),(256,'Gül Keleş',4,'barista',NULL),(257,'Yiğit Tok',5,'barista',NULL),(258,'Aysun Nur',3,'barista',NULL),(259,'Kaan Dede',4,'barista',NULL),(260,'Elifcan Ege',6,'barista',NULL),(261,'Selma Ay',5,'barista',NULL),(262,'Yalçın Demiral',2,'barista',NULL),(263,'Ezgi Bozan',3,'barista',NULL),(264,'Hüseyin Yalman',7,'barista',NULL),(265,'Cansu Bal',4,'barista',NULL),(266,'Serhat Güçlü',2,'barista',NULL),(267,'Pelin Kara',5,'barista',NULL),(268,'Taha Özkan',1,'barista',NULL),(269,'Rümeysa Boz',4,'barista',NULL),(270,'Koray Erim',3,'barista',NULL),(271,'Melike Tunç',6,'barista',NULL),(272,'Oğulcan Arslan',5,'barista',NULL),(273,'Zeynep Dur',3,'barista',NULL),(274,'Eren Deniz',7,'barista',NULL),(275,'Hale Barut',2,'barista',NULL),(276,'Veli Kurt',4,'barista',NULL),(277,'Nehir Aydın',3,'barista',NULL),(278,'Hakan Ün',8,'barista',NULL),(279,'Derya Çay',4,'barista',NULL),(280,'İsmail Baş',5,'barista',NULL),(281,'İlayda Tur',2,'barista',NULL),(282,'Selim Uysal',3,'barista',NULL),(283,'Yasemin Oran',4,'barista',NULL),(284,'Furkan Kınay',6,'barista',NULL),(285,'Beyza Bay',3,'barista',NULL),(286,'Cemre Kılınç',5,'barista',NULL),(287,'Serdar Güneş',2,'barista',NULL),(288,'Ebru Çelik',4,'barista',NULL),(289,'Mert Efe',7,'barista',NULL),(290,'Bora Uzun',3,'barista',NULL),(291,'Nehir Doğu',4,'barista',NULL),(292,'Taner Kar',6,'barista',NULL),(293,'Sema Uğur',2,'barista',NULL),(294,'Utku Engin',4,'barista',NULL),(295,'Zehra Pek',3,'barista',NULL),(296,'İpek Çınar',6,'barista',NULL),(297,'Berke Ekin',5,'barista',NULL),(298,'İrem Savaş',4,'barista',NULL),(299,'Onat Akıncı',3,'barista',NULL),(300,'Tuğçe Demiral',6,'barista',NULL),(301,'Emine Uçar',5,'barista',NULL),(302,'Okan Ceylan',4,'barista',NULL),(303,'Melisa Tamer',2,'barista',NULL),(304,'Yasin Gürsoy',7,'barista',NULL),(305,'Sude Tekin',3,'barista',NULL),(306,'Berk Tunç',5,'barista',NULL),(307,'Eda Kurtuluş',4,'barista',NULL),(308,'Erkan Arıcı',6,'barista',NULL),(309,'Hazal Göksu',2,'barista',NULL),(310,'Doğan Duru',5,'barista',NULL),(311,'İlayda Köse',3,'barista',NULL),(312,'Burak Tuna',4,'barista',NULL),(313,'Seda Kır',6,'barista',NULL),(314,'Ali Gül',3,'barista',NULL),(315,'Hilal Sezer',5,'barista',NULL),(316,'Canan Gür',2,'barista',NULL),(317,'Volkan Akyüz',4,'barista',NULL),(318,'Pınar Aydın',3,'barista',NULL),(319,'Yasin Çelik',7,'barista',NULL),(320,'Elvan Baran',4,'barista',NULL),(321,'Hülya Kurt',3,'barista',NULL),(322,'Oğuzhan Doğu',6,'barista',NULL),(323,'Sibel Türel',5,'barista',NULL),(324,'Batuhan Özbay',2,'barista',NULL),(325,'Gizem Arslan',4,'barista',NULL),(326,'Tolga Güler',3,'barista',NULL),(327,'Tuğba Demir',5,'barista',NULL),(328,'Ahmet Ersoy',2,'barista',NULL),(329,'Cansu Yiğit',3,'barista',NULL),(330,'Bülent Kural',6,'barista',NULL),(331,'Gamze Şahin',4,'barista',NULL),(332,'Mert Alkan',2,'barista',NULL),(333,'Elif Arıkan',5,'barista',NULL),(334,'Nihat Tek',3,'barista',NULL),(335,'Seda Bilir',4,'barista',NULL),(336,'Cem Öz',6,'barista',NULL),(337,'Sude Aydın',2,'barista',NULL),(338,'Kaan Baki',4,'barista',NULL),(339,'Ayşe Turan',3,'barista',NULL),(340,'Arif Kar',5,'barista',NULL),(341,'İlknur Kaya',6,'barista',NULL),(342,'Okan Sezer',4,'barista',NULL),(343,'Funda Akar',3,'barista',NULL),(344,'Kenan Taş',7,'barista',NULL),(345,'Nisa Aydın',2,'barista',NULL),(346,'Burcu Savaş',4,'barista',NULL),(347,'Cemal Uğur',3,'barista',NULL),(348,'Pelin Yurt',5,'barista',NULL),(349,'Yavuz Koç',6,'barista',NULL),(350,'Esra Kara',4,'barista',NULL),(351,'Melih Özkan',3,'barista',NULL),(352,'Leyla Demir',6,'barista',NULL),(353,'Hasan Çelik',5,'barista',NULL),(354,'Zeynep Demirtaş',4,'barista',NULL),(355,'Efe Kurt',2,'barista',NULL),(356,'Tuğçe Bilir',3,'barista',NULL),(357,'Murat Sağ',6,'barista',NULL),(358,'Sevil Koç',5,'barista',NULL),(359,'Yasemin Duru',4,'barista',NULL),(360,'Halil Kaya',3,'barista',NULL),(361,'İrem Çalışkan',6,'barista',NULL),(362,'Fikret Gül',2,'barista',NULL),(363,'Derya Sağlam',4,'barista',NULL),(364,'Zehra Polat',3,'barista',NULL),(365,'Arda Barut',5,'barista',NULL),(366,'Mina Duru',4,'barista',NULL),(367,'Sergen Öz',6,'barista',NULL),(368,'Sude Tek',2,'barista',NULL),(369,'Emel Nur',5,'barista',NULL),(370,'Kübra Demir',4,'barista',NULL),(371,'Yiğit Arı',6,'barista',NULL),(372,'Beyza Gür',3,'barista',NULL),(373,'Çağla Duru',4,'barista',NULL),(374,'Serkan Tur',5,'barista',NULL),(375,'Hazal Öztürk',2,'barista',NULL),(376,'Kaan Uçar',6,'barista',NULL),(377,'Buse Sezer',3,'barista',NULL),(378,'Yusuf Öztan',5,'barista',NULL),(379,'Naz Akar',4,'barista',NULL),(380,'Kerem Kara',6,'barista',NULL),(381,'Eda Çay',3,'barista',NULL),(382,'Selin Savaş',5,'barista',NULL),(383,'Murat Gür',4,'barista',NULL),(384,'Gamze Polat',6,'barista',NULL),(385,'Oğuzhan Can',3,'barista',NULL),(386,'Ezgi Karaca',4,'barista',NULL),(387,'Ahmet Demiral',5,'barista',NULL),(388,'Seda Baki',2,'barista',NULL),(389,'İbrahim Korkut',7,'barista',NULL),(390,'Merve Gül',4,'barista',NULL),(391,'Can Tekin',3,'barista',NULL),(392,'Aylin Öz',5,'barista',NULL),(393,'Efe Arı',4,'barista',NULL),(394,'İpek Duru',6,'barista',NULL),(395,'Burak Seval',3,'barista',NULL),(396,'Melisa Oran',5,'barista',NULL),(397,'Deniz Kar',4,'barista',NULL),(398,'Yasin Uzun',6,'barista',NULL),(399,'Hilal Demir',3,'barista',NULL),(400,'Furkan Tunç',5,'barista',NULL),(401,'Cansu Çetin',4,'barista',NULL),(402,'Zeki Taş',7,'barista',NULL),(403,'Tuğba Kara',5,'barista',NULL),(404,'Eray Şen',4,'barista',NULL),(405,'Pelin Duran',3,'barista',NULL),(406,'Nuri Polat',6,'barista',NULL),(407,'Gizem Kaya',5,'barista',NULL),(408,'İbrahim Özkan',4,'barista',NULL),(409,'Ayşe Turan',3,'barista',NULL),(410,'Berk Tekin',6,'barista',NULL),(411,'Ece Arıkan',5,'barista',NULL),(412,'Serdar Gül',4,'barista',NULL),(413,'Melek Duru',3,'barista',NULL),(414,'Halit Ünlü',5,'barista',NULL),(415,'Nazlı Aslan',4,'barista',NULL),(416,'Yunus Gül',6,'barista',NULL),(417,'Sude Baran',3,'barista',NULL),(418,'Cihan Özdemir',5,'barista',NULL),(419,'Elif Kural',4,'barista',NULL),(420,'Onur Akar',6,'barista',NULL),(421,'Ayça Demir',3,'barista',NULL),(422,'Hüseyin Ar',5,'barista',NULL),(423,'Selin Gür',4,'barista',NULL),(424,'Kadir Duru',6,'barista',NULL),(425,'Eda Şen',5,'barista',NULL),(426,'Emre Arı',3,'barista',NULL),(427,'Büşra Öz',4,'barista',NULL),(428,'Kerem Gül',6,'barista',NULL),(429,'Elif Nur',5,'barista',NULL),(430,'Murat Aslan',4,'barista',NULL),(431,'Nazlı Güçlü',3,'barista',NULL),(432,'Ahmet Aydın',6,'barista',NULL),(433,'Tuğçe Kar',4,'barista',NULL),(434,'Cem Güçlü',5,'barista',NULL),(435,'İrem Polat',3,'barista',NULL),(436,'Bora Arıkan',6,'barista',NULL),(437,'Nehir Duru',5,'barista',NULL),(438,'Fikret Kurt',4,'barista',NULL),(439,'Melike Taş',3,'barista',NULL),(440,'Arda Kaplan',3,'barista',NULL),(441,'Sinem Ece',5,'barista',NULL),(442,'Mert Doğan',2,'barista',NULL),(443,'Ceyda Özbil',4,'barista',NULL),(444,'Tolga Balcı',6,'barista',NULL),(445,'Melike Uysal',3,'barista',NULL),(446,'Yunus Çakıroğlu',7,'barista',NULL),(447,'İlknur Saygın',1,'barista',NULL),(448,'Berkay Akdemir',5,'barista',NULL),(449,'Duru Erden',3,'barista',NULL),(450,'Efe Günay',4,'barista',NULL),(451,'Elvan Sarı',2,'barista',NULL),(452,'Hakan Kocabaş',6,'barista',NULL),(453,'Seda Ergün',5,'barista',NULL),(454,'Bora Özcan',3,'barista',NULL),(455,'Su Yıldırım',4,'barista',NULL),(456,'Serhat Demirkol',1,'barista',NULL),(457,'İrem Güleç',6,'barista',NULL),(458,'Kerem Aksu',4,'barista',NULL),(459,'Ayça Genç',3,'barista',NULL),(460,'Alper Dalkıran',7,'barista',NULL),(461,'Defne Kurtuluş',2,'barista',NULL),(462,'Arif Sağlam',4,'barista',NULL),(463,'Eylül Koral',5,'barista',NULL),(464,'Musa Yıldız',6,'barista',NULL),(465,'Selma Karadağ',3,'barista',NULL),(466,'Umut Taşkesen',2,'barista',NULL),(467,'Büşra Koçyiğit',5,'barista',NULL),(468,'Tuna Arslan',4,'barista',NULL),(469,'Hilal İnce',6,'barista',NULL),(470,'Çağrı Baturalp',3,'barista',NULL),(471,'Zehra Özgül',2,'barista',NULL),(472,'Fatih Yurt',6,'barista',NULL),(473,'Cansu Kıran',4,'barista',NULL),(474,'Koray Durmaz',5,'barista',NULL),(475,'Naz Akdeniz',2,'barista',NULL),(476,'Emirhan Uğur',7,'barista',NULL),(477,'İlayda Korkmaz',3,'barista',NULL),(478,'Volkan Demirci',4,'barista',NULL),(479,'Hazal Turan',6,'barista',NULL),(480,'Mertcan Kapucu',3,'barista',NULL),(481,'Deniz Akgül',5,'barista',NULL),(482,'Kübra Seval',2,'barista',NULL),(483,'İrfan Güney',6,'barista',NULL),(484,'Sude Ergin',4,'barista',NULL),(485,'Harun Tural',5,'barista',NULL),(486,'Aylin Gürler',3,'barista',NULL),(487,'Baran Özer',4,'barista',NULL),(488,'Mina Güçlü',6,'barista',NULL),(489,'Tolga Özden',2,'barista',NULL),(490,'Tuğçe Aksoy',5,'barista',NULL),(491,'Emre Şan',3,'barista',NULL),(492,'Nazlı Karaca',4,'barista',NULL),(493,'Yiğitcan Özen',6,'barista',NULL),(494,'Ece Kılıç',3,'barista',NULL),(495,'Berkay Sezgin',2,'barista',NULL),(496,'Melisa Uz',5,'barista',NULL),(497,'Doğukan Yıldırım',4,'barista',NULL),(498,'Seren Korkut',6,'barista',NULL),(499,'Ozan Altun',3,'barista',NULL),(500,'Ezgi Demiral',2,'barista',NULL),(501,'Berk Öztan',5,'barista',NULL),(502,'İrem Ekinci',4,'barista',NULL),(503,'Hüseyin Başar',6,'barista',NULL),(504,'Zeynep Ünsal',3,'barista',NULL),(505,'Kaan Gürbüz',4,'barista',NULL),(506,'Eda Gürcan',2,'barista',NULL),(507,'Kenan Duru',6,'barista',NULL),(508,'Selin Tunçel',4,'barista',NULL),(509,'Çağatay Arıcı',5,'barista',NULL),(510,'Pınar Soylu',3,'barista',NULL),(511,'Umutcan Erdinç',4,'barista',NULL),(512,'Sibel Yeşil',2,'barista',NULL),(513,'Taha Yıldırım',7,'barista',NULL),(514,'Melek Deren',5,'barista',NULL),(515,'Doğan Çevik',3,'barista',NULL),(516,'Merve Gülay',4,'barista',NULL),(517,'Onur Sönmez',6,'barista',NULL),(518,'Naz Deren',2,'barista',NULL),(519,'Hasan Akbaş',5,'barista',NULL),(520,'Yağmur Erden',3,'barista',NULL),(521,'Sami Alkan',4,'barista',NULL),(522,'Eylül Usta',6,'barista',NULL),(523,'Yasin Kurt',2,'barista',NULL),(524,'Beril Özlü',5,'barista',NULL),(525,'Özgür Yalçın',4,'barista',NULL),(526,'Damla Sevim',6,'barista',NULL),(527,'Murat Yiğit',3,'barista',NULL),(528,'Hale Güler',2,'barista',NULL),(529,'Barış Kural',4,'barista',NULL),(530,'Gizem Sarı',5,'barista',NULL),(531,'Enes Doğu',3,'barista',NULL),(532,'Dilara Kar',6,'barista',NULL),(533,'Faruk Aydın',4,'barista',NULL),(534,'Nisan Arı',3,'barista',NULL),(535,'Efe Ün',5,'barista',NULL),(536,'Reyyan Tur',2,'barista',NULL),(537,'Cem Savaş',4,'barista',NULL),(538,'Yaren Boz',6,'barista',NULL),(539,'Oğuz Eker',5,'barista',NULL),(540,'Su Deniz',3,'barista',NULL),(541,'Mahmut Özen',4,'barista',NULL),(542,'Seda Uçar',6,'barista',NULL);
/*!40000 ALTER TABLE `Employee` ENABLE KEYS */;
UNLOCK TABLES;

--
-- Table structure for table `Employee_Cafe`
--

DROP TABLE IF EXISTS `Employee_Cafe`;
/*!40101 SET @saved_cs_client     = @@character_set_client */;
/*!50503 SET character_set_client = utf8mb4 */;
CREATE TABLE `Employee_Cafe` (
  `employee_id` int NOT NULL,
  `cafe_id` int NOT NULL,
  PRIMARY KEY (`employee_id`,`cafe_id`),
  KEY `cafe_id` (`cafe_id`),
  CONSTRAINT `employee_cafe_ibfk_1` FOREIGN KEY (`employee_id`) REFERENCES `Employee` (`employee_id`),
  CONSTRAINT `employee_cafe_ibfk_2` FOREIGN KEY (`cafe_id`) REFERENCES `Cafe` (`cafe_id`)
) ENGINE=InnoDB DEFAULT CHARSET=utf8mb4 COLLATE=utf8mb4_0900_ai_ci;
/*!40101 SET character_set_client = @saved_cs_client */;

--
-- Dumping data for table `Employee_Cafe`
--

LOCK TABLES `Employee_Cafe` WRITE;
/*!40000 ALTER TABLE `Employee_Cafe` DISABLE KEYS */;
/*!40000 ALTER TABLE `Employee_Cafe` ENABLE KEYS */;
UNLOCK TABLES;

--
-- Table structure for table `Favorite`
--

DROP TABLE IF EXISTS `Favorite`;
/*!40101 SET @saved_cs_client     = @@character_set_client */;
/*!50503 SET character_set_client = utf8mb4 */;
CREATE TABLE `Favorite` (
  `favorite_id` int NOT NULL AUTO_INCREMENT,
  `user_id` int DEFAULT NULL,
  `cafe_id` int DEFAULT NULL,
  `added_date` timestamp NULL DEFAULT CURRENT_TIMESTAMP,
  `favorite_category` varchar(50) DEFAULT NULL,
  PRIMARY KEY (`favorite_id`),
  UNIQUE KEY `user_id` (`user_id`,`cafe_id`),
  KEY `fk_favorite_cafe` (`cafe_id`),
  CONSTRAINT `favorite_ibfk_1` FOREIGN KEY (`user_id`) REFERENCES `Users` (`user_id`),
  CONSTRAINT `favorite_ibfk_2` FOREIGN KEY (`cafe_id`) REFERENCES `Cafe` (`cafe_id`),
  CONSTRAINT `fk_favorite_cafe` FOREIGN KEY (`cafe_id`) REFERENCES `Cafe` (`cafe_id`),
  CONSTRAINT `fk_favorite_user` FOREIGN KEY (`user_id`) REFERENCES `Users` (`user_id`)
) ENGINE=InnoDB AUTO_INCREMENT=361 DEFAULT CHARSET=utf8mb4 COLLATE=utf8mb4_0900_ai_ci;
/*!40101 SET character_set_client = @saved_cs_client */;

--
-- Dumping data for table `Favorite`
--

LOCK TABLES `Favorite` WRITE;
/*!40000 ALTER TABLE `Favorite` DISABLE KEYS */;
INSERT INTO `Favorite` VALUES (1,417,30,'2025-01-20 15:03:55','quick_stop'),(2,280,2,'2025-06-25 12:10:49','brunch_place'),(3,377,196,'2024-04-18 17:01:21','study_spot'),(4,460,40,'2024-11-20 11:15:22','date_night'),(5,307,137,'2024-01-25 18:05:43','cozy_ambiance'),(6,219,133,'2025-03-09 18:13:30','late_night'),(7,47,51,'2024-01-18 16:40:48','quick_stop'),(8,484,150,'2025-07-27 21:03:00','best_coffee'),(9,362,102,'2025-06-19 06:16:32','study_spot'),(10,396,175,'2024-04-06 17:53:35','date_night'),(11,437,21,'2025-03-22 00:00:23','brunch_place'),(12,114,18,'2024-04-14 22:29:43','late_night'),(13,106,169,'2025-08-25 12:58:34','study_spot'),(14,381,16,'2024-02-13 11:52:43','quick_stop'),(15,308,14,'2024-07-27 12:56:49','best_coffee'),(16,178,86,'2024-03-02 17:25:21','late_night'),(17,497,194,'2025-01-28 08:39:56','cozy_ambiance'),(18,309,13,'2025-02-23 12:18:14','brunch_place'),(19,394,91,'2025-08-11 17:57:33','quick_stop'),(20,212,106,'2025-01-08 01:36:26','study_spot'),(21,281,137,'2025-05-18 02:43:18','best_coffee'),(22,144,20,'2025-06-15 10:02:49','late_night'),(23,237,85,'2024-11-09 18:55:00','date_night'),(24,492,149,'2024-05-09 14:39:13','brunch_place'),(25,342,60,'2024-09-02 09:44:59','cozy_ambiance'),(26,477,18,'2025-02-27 15:24:25','quick_stop'),(27,401,159,'2025-10-14 15:41:09','best_coffee'),(28,411,23,'2025-01-27 17:51:33','study_spot'),(29,306,172,'2025-05-03 13:32:00','date_night'),(30,188,12,'2024-12-14 12:43:40','late_night'),(31,335,14,'2025-09-07 21:03:04','brunch_place'),(32,28,93,'2025-03-24 12:11:51','cozy_ambiance'),(33,116,176,'2024-07-29 04:07:38','quick_stop'),(34,184,129,'2024-03-29 00:00:27','best_coffee'),(35,47,169,'2024-02-29 08:21:50','study_spot'),(36,124,102,'2024-02-14 10:58:36','date_night'),(37,423,107,'2025-10-24 13:03:08','late_night'),(38,269,116,'2024-04-12 15:23:04','brunch_place'),(39,440,155,'2025-04-03 09:47:06','cozy_ambiance'),(40,484,157,'2024-01-08 21:13:30','quick_stop'),(41,143,141,'2025-04-19 09:56:49','best_coffee'),(42,335,126,'2025-03-12 01:36:23','study_spot'),(43,403,106,'2024-09-17 11:14:01','date_night'),(44,100,164,'2024-04-26 06:33:04','late_night'),(45,192,104,'2025-08-28 17:30:30','brunch_place'),(46,172,19,'2024-01-26 06:24:25','cozy_ambiance'),(47,483,179,'2024-12-07 16:33:55','quick_stop'),(48,147,190,'2025-05-09 18:04:14','best_coffee'),(49,137,7,'2025-06-21 13:32:00','study_spot'),(50,477,140,'2025-09-24 09:00:27','date_night'),(51,103,154,'2024-11-19 20:44:11','late_night'),(52,497,157,'2025-10-18 07:29:10','brunch_place'),(53,237,163,'2025-09-07 10:46:27','cozy_ambiance'),(54,493,166,'2025-01-07 07:30:45','quick_stop'),(55,309,195,'2025-09-02 18:02:08','best_coffee'),(56,183,107,'2024-07-27 23:45:25','study_spot'),(57,114,184,'2025-03-22 06:27:16','date_night'),(58,246,126,'2024-11-25 12:47:33','late_night'),(59,232,59,'2025-08-11 12:52:10','brunch_place'),(60,437,98,'2024-08-01 16:42:01','cozy_ambiance'),(61,482,123,'2025-06-10 23:43:04','quick_stop'),(62,19,13,'2025-05-18 14:34:52','best_coffee'),(63,269,39,'2024-05-24 13:21:49','study_spot'),(64,429,125,'2025-01-20 20:22:30','date_night'),(65,47,131,'2024-07-27 12:10:49','late_night'),(66,219,44,'2025-04-18 17:01:21','brunch_place'),(67,308,30,'2025-05-09 11:15:22','cozy_ambiance'),(68,178,116,'2024-04-17 18:05:43','quick_stop'),(69,19,149,'2024-07-25 18:13:30','best_coffee'),(70,484,181,'2024-05-26 16:40:48','study_spot'),(71,330,26,'2024-11-19 21:03:00','date_night'),(72,381,134,'2025-02-12 06:16:32','late_night'),(73,147,110,'2024-08-01 17:53:35','brunch_place'),(74,308,142,'2025-04-12 00:00:23','cozy_ambiance'),(75,493,15,'2024-02-13 22:29:43','quick_stop'),(76,269,176,'2025-05-01 12:58:34','best_coffee'),(77,384,137,'2024-05-06 11:52:43','study_spot'),(78,417,102,'2024-01-20 12:56:49','date_night'),(79,440,16,'2025-08-16 17:25:21','late_night'),(80,114,134,'2024-05-18 08:39:56','brunch_place'),(81,237,13,'2025-07-28 12:18:14','cozy_ambiance'),(82,479,114,'2024-08-25 17:57:33','quick_stop'),(83,401,135,'2024-07-06 01:36:26','best_coffee'),(84,172,17,'2024-08-23 02:43:18','study_spot'),(85,309,153,'2025-06-19 10:02:49','date_night'),(86,306,85,'2025-10-14 18:55:00','late_night'),(87,483,102,'2024-11-20 14:39:13','brunch_place'),(88,362,19,'2025-02-12 09:44:59','cozy_ambiance'),(89,437,107,'2025-01-29 15:24:25','quick_stop'),(90,493,159,'2024-12-14 15:41:09','best_coffee'),(91,103,172,'2024-07-01 13:32:00','study_spot'),(92,497,106,'2025-08-05 12:43:40','date_night'),(93,308,154,'2024-03-21 21:03:04','late_night'),(94,28,177,'2024-06-15 12:11:51','brunch_place'),(95,411,142,'2025-05-09 04:07:38','cozy_ambiance'),(96,219,14,'2024-02-12 00:00:27','quick_stop'),(97,493,140,'2025-09-02 08:21:50','best_coffee'),(98,484,131,'2025-04-03 10:58:36','study_spot'),(99,394,107,'2024-07-25 13:03:08','date_night'),(100,482,155,'2025-05-09 15:23:04','late_night'),(101,106,172,'2024-07-28 09:47:06','brunch_place'),(102,184,17,'2024-05-05 21:13:30','cozy_ambiance'),(103,440,142,'2025-02-27 09:56:49','quick_stop'),(104,309,154,'2024-08-25 01:36:23','best_coffee'),(105,479,175,'2024-09-08 11:14:01','study_spot'),(106,493,164,'2025-01-29 06:33:04','date_night'),(107,429,13,'2024-09-08 17:30:30','late_night'),(108,183,19,'2024-02-12 06:24:25','brunch_place'),(109,219,179,'2024-08-20 16:33:55','cozy_ambiance'),(110,396,190,'2025-05-09 18:04:14','quick_stop'),(111,417,7,'2024-11-20 13:32:00','best_coffee'),(112,477,159,'2024-12-14 09:00:27','study_spot'),(113,269,154,'2025-04-17 20:44:11','date_night'),(114,492,157,'2025-06-03 07:29:10','late_night'),(115,178,177,'2024-11-09 10:46:27','brunch_place'),(116,403,166,'2024-10-07 07:30:45','cozy_ambiance'),(117,106,195,'2025-07-28 18:02:08','quick_stop'),(118,497,107,'2024-05-17 23:45:25','best_coffee'),(119,440,184,'2025-09-08 06:27:16','study_spot'),(120,184,176,'2024-09-02 12:47:33','date_night'),(121,103,59,'2025-03-24 12:52:10','late_night'),(122,137,98,'2024-10-07 16:42:01','brunch_place'),(123,28,123,'2024-11-18 23:43:04','cozy_ambiance'),(124,246,13,'2025-01-29 14:34:52','quick_stop'),(125,483,39,'2025-06-19 13:21:49','best_coffee'),(126,362,125,'2024-07-01 20:22:30','study_spot'),(127,493,131,'2025-08-05 12:10:49','date_night'),(128,309,44,'2024-03-22 17:01:21','late_night'),(129,308,177,'2024-06-15 11:15:22','brunch_place'),(130,411,166,'2025-05-09 18:05:43','cozy_ambiance'),(131,28,195,'2024-02-12 18:13:30','quick_stop'),(132,219,15,'2024-08-23 16:40:48','best_coffee'),(133,394,134,'2024-09-07 21:03:00','study_spot'),(134,482,126,'2025-01-29 06:16:32','date_night'),(135,106,17,'2024-12-14 17:53:35','late_night'),(136,184,153,'2024-07-01 00:00:23','brunch_place'),(137,440,17,'2025-08-04 22:29:43','cozy_ambiance'),(138,479,154,'2024-03-22 12:58:34','quick_stop'),(139,493,177,'2024-06-15 11:52:43','best_coffee'),(140,219,195,'2025-05-09 12:56:49','study_spot'),(141,484,164,'2024-02-12 17:25:21','date_night'),(142,396,179,'2024-08-23 08:39:56','late_night'),(143,403,19,'2024-09-08 12:18:14','brunch_place'),(144,477,190,'2025-01-29 17:57:33','cozy_ambiance'),(145,147,137,'2024-12-14 01:36:26','quick_stop'),(146,188,159,'2024-07-01 02:43:18','best_coffee'),(147,330,154,'2025-08-05 10:02:49','study_spot'),(148,429,157,'2024-03-22 18:55:00','date_night'),(149,477,177,'2024-06-15 14:39:13','late_night'),(150,482,166,'2025-05-09 09:44:59','brunch_place'),(151,103,195,'2024-02-12 15:24:25','cozy_ambiance'),(152,172,107,'2024-08-23 15:41:09','quick_stop'),(153,309,184,'2024-09-08 13:32:00','best_coffee'),(154,479,59,'2025-01-29 12:43:40','study_spot'),(155,394,98,'2024-12-13 21:03:04','date_night'),(156,143,123,'2024-07-01 12:11:51','late_night'),(157,492,13,'2025-08-05 04:07:38','brunch_place'),(158,178,39,'2024-03-22 00:00:27','cozy_ambiance'),(159,116,125,'2024-06-15 08:21:50','quick_stop'),(160,401,131,'2025-05-09 10:58:36','best_coffee'),(161,188,44,'2024-02-12 13:03:08','study_spot'),(162,330,177,'2024-08-23 15:23:04','date_night'),(163,147,166,'2024-09-08 09:47:06','late_night'),(164,212,195,'2025-01-28 21:13:30','brunch_place'),(165,281,15,'2024-12-14 09:56:49','cozy_ambiance'),(166,384,134,'2024-07-01 01:36:23','quick_stop'),(167,308,126,'2025-08-05 11:14:01','best_coffee'),(168,493,17,'2024-03-22 06:33:04','study_spot'),(169,103,153,'2024-06-15 17:30:30','date_night'),(170,484,175,'2025-05-09 06:24:25','late_night'),(171,183,154,'2024-02-12 16:33:55','brunch_place'),(172,28,164,'2024-08-23 18:04:14','cozy_ambiance'),(173,411,179,'2024-09-08 13:32:00','quick_stop'),(174,306,190,'2025-01-29 20:44:11','best_coffee'),(175,483,195,'2024-12-14 07:29:10','study_spot'),(176,362,107,'2024-07-01 10:46:27','date_night'),(177,429,184,'2025-08-05 07:30:45','late_night'),(178,47,59,'2024-03-22 18:02:08','brunch_place'),(179,309,98,'2024-06-14 23:45:25','cozy_ambiance'),(181,19,172,'2024-03-01 15:30:15','study_spot'),(182,47,12,'2025-01-14 08:45:30','best_coffee'),(183,307,18,'2024-09-29 05:20:00','late_night'),(184,124,149,'2025-07-11 13:55:07','quick_stop'),(185,335,175,'2024-04-03 11:08:42','date_night'),(186,280,169,'2025-10-01 16:12:28','cozy_ambiance'),(187,377,150,'2024-05-20 19:35:51','brunch_place'),(188,460,2,'2025-02-17 03:40:19','study_spot'),(189,212,129,'2024-10-25 10:50:04','late_night'),(190,477,102,'2024-03-19 14:05:40','best_coffee'),(191,401,137,'2025-06-22 07:15:20','quick_stop'),(192,411,16,'2024-09-03 20:25:35','date_night'),(193,306,86,'2025-05-27 12:48:11','cozy_ambiance'),(194,188,194,'2024-11-12 16:33:09','brunch_place'),(195,335,13,'2025-08-08 11:27:54','study_spot'),(196,28,91,'2024-01-05 06:58:31','late_night'),(197,116,106,'2025-04-10 09:18:19','best_coffee'),(198,184,20,'2024-12-03 13:30:45','quick_stop'),(199,47,85,'2025-03-17 18:09:50','date_night'),(200,124,142,'2024-06-08 04:44:26','cozy_ambiance'),(201,423,116,'2025-10-09 10:17:33','brunch_place'),(202,269,60,'2024-04-20 15:52:10','study_spot'),(203,440,149,'2025-01-21 21:03:00','late_night'),(204,484,18,'2024-05-15 06:16:32','best_coffee'),(205,143,159,'2025-02-10 17:53:35','quick_stop'),(206,335,172,'2024-08-11 00:00:23','date_night'),(207,403,126,'2025-03-28 22:29:43','cozy_ambiance'),(208,100,177,'2024-07-06 12:58:34','brunch_place'),(209,192,166,'2025-09-14 11:52:43','study_spot'),(210,172,195,'2024-04-01 12:56:49','late_night'),(211,483,15,'2025-02-20 17:25:21','best_coffee'),(212,147,134,'2024-05-03 08:39:56','quick_stop'),(213,137,153,'2025-07-01 12:18:14','date_night'),(214,477,107,'2024-08-14 17:57:33','cozy_ambiance'),(215,103,184,'2024-12-25 01:36:26','brunch_place'),(216,497,176,'2025-05-07 02:43:18','study_spot'),(217,237,157,'2024-10-16 10:02:49','late_night'),(218,493,102,'2025-09-21 18:55:00','best_coffee'),(219,309,159,'2024-07-29 14:39:13','quick_stop'),(220,183,179,'2025-02-14 09:44:59','date_night'),(221,114,190,'2024-09-05 15:24:25','cozy_ambiance'),(223,381,19,'2024-07-13 13:32:00','study_spot'),(224,308,175,'2025-08-01 12:43:40','late_night'),(225,178,154,'2024-04-08 21:03:04','best_coffee'),(226,497,195,'2025-03-05 12:11:51','quick_stop'),(227,28,107,'2024-09-24 04:07:38','date_night'),(228,116,140,'2025-02-05 00:00:27','cozy_ambiance'),(229,184,169,'2024-07-18 08:21:50','brunch_place'),(230,47,153,'2025-01-08 10:58:36','study_spot'),(231,124,123,'2024-05-01 13:03:08','late_night'),(232,423,30,'2025-10-29 15:23:04','best_coffee'),(233,269,142,'2024-04-05 09:47:06','quick_stop'),(236,143,131,'2025-04-25 01:36:23','brunch_place'),(237,335,179,'2024-09-01 11:14:01','study_spot'),(238,403,7,'2025-01-02 06:33:04','late_night'),(239,100,190,'2024-05-15 17:30:30','best_coffee'),(240,192,114,'2025-08-20 06:24:25','quick_stop'),(241,172,175,'2024-03-28 16:33:55','date_night'),(242,483,106,'2025-02-13 18:04:14','cozy_ambiance'),(243,147,154,'2024-06-25 13:32:00','brunch_place'),(244,137,164,'2025-07-20 20:44:11','study_spot'),(245,477,134,'2024-11-20 07:29:10','late_night'),(246,103,150,'2025-04-12 10:46:27','best_coffee'),(247,497,102,'2024-05-23 07:30:45','quick_stop'),(248,237,140,'2025-09-05 18:02:08','date_night'),(249,493,155,'2024-07-17 23:45:25','cozy_ambiance'),(250,309,131,'2025-03-10 06:27:16','brunch_place'),(251,183,125,'2024-10-01 12:47:33','study_spot'),(252,114,172,'2025-05-12 12:52:10','late_night'),(253,106,179,'2024-06-25 16:42:01','best_coffee'),(254,381,149,'2025-08-07 23:43:04','quick_stop'),(255,308,184,'2024-03-25 14:34:52','date_night'),(256,178,176,'2025-01-20 13:21:49','cozy_ambiance'),(257,497,19,'2024-11-20 20:22:30','brunch_place'),(258,28,159,'2025-06-12 12:10:49','study_spot'),(259,116,154,'2024-09-03 17:01:21','late_night'),(260,184,190,'2025-03-17 11:15:22','best_coffee'),(261,47,137,'2024-04-10 18:05:43','quick_stop'),(262,124,166,'2025-07-28 18:13:30','date_night'),(263,423,177,'2024-09-29 16:40:48','cozy_ambiance'),(264,269,181,'2025-01-31 21:03:00','brunch_place'),(265,440,15,'2024-05-12 06:16:32','study_spot'),(266,484,26,'2025-01-22 17:53:35','late_night'),(267,143,13,'2024-10-25 00:00:23','best_coffee'),(268,335,140,'2025-05-14 22:29:43','quick_stop'),(269,403,102,'2024-07-06 12:58:34','date_night'),(270,100,134,'2025-09-14 11:52:43','cozy_ambiance'),(271,192,176,'2024-04-01 12:56:49','brunch_place'),(272,172,153,'2025-02-20 17:25:21','study_spot'),(273,483,150,'2024-05-03 08:39:56','late_night'),(274,147,114,'2025-07-01 12:18:14','best_coffee'),(275,137,135,'2024-08-14 17:57:33','quick_stop'),(276,477,17,'2024-12-25 01:36:26','date_night'),(277,103,93,'2025-05-07 02:43:18','cozy_ambiance'),(278,497,137,'2024-10-16 10:02:49','brunch_place'),(279,237,129,'2025-09-21 18:55:00','study_spot'),(280,493,194,'2024-07-29 14:39:13','late_night'),(281,309,12,'2025-02-14 09:44:59','best_coffee'),(282,183,142,'2024-09-05 15:24:25','quick_stop'),(283,114,16,'2025-01-20 15:41:09','date_night'),(284,106,177,'2024-07-13 13:32:00','cozy_ambiance'),(285,381,14,'2025-08-01 12:43:40','brunch_place'),(286,308,153,'2024-04-08 21:03:04','study_spot'),(287,178,2,'2025-03-05 12:11:51','late_night'),(288,497,172,'2024-09-24 04:07:38','best_coffee'),(289,28,169,'2025-02-05 00:00:27','quick_stop'),(290,116,175,'2024-07-18 08:21:50','date_night'),(291,184,142,'2025-01-08 10:58:36','cozy_ambiance'),(292,47,184,'2024-05-01 13:03:08','brunch_place'),(293,124,157,'2025-10-29 15:23:04','study_spot'),(294,423,164,'2024-04-05 09:47:06','late_night'),(295,269,131,'2025-03-19 21:13:30','best_coffee'),(296,440,140,'2024-10-18 09:56:49','quick_stop'),(297,484,195,'2025-04-25 01:36:23','date_night'),(298,143,107,'2024-09-01 11:14:01','cozy_ambiance'),(299,335,106,'2025-01-02 06:33:04','brunch_place'),(301,100,154,'2025-08-20 06:24:25','late_night'),(302,192,179,'2024-03-28 16:33:55','best_coffee'),(303,172,157,'2025-02-13 18:04:14','quick_stop'),(304,483,126,'2024-06-25 13:32:00','date_night'),(305,147,169,'2025-07-20 20:44:11','cozy_ambiance'),(306,137,15,'2024-11-20 07:29:10','brunch_place'),(307,477,12,'2025-04-12 10:46:27','study_spot'),(308,103,114,'2024-05-23 07:30:45','late_night'),(310,237,190,'2024-07-17 23:45:25','quick_stop'),(312,309,14,'2024-10-01 12:47:33','cozy_ambiance'),(313,183,140,'2025-05-12 12:52:10','brunch_place'),(314,114,159,'2024-06-25 16:42:01','study_spot'),(315,106,184,'2025-08-07 23:43:04','late_night'),(316,381,169,'2024-03-25 14:34:52','best_coffee'),(317,308,107,'2025-01-20 13:21:49','quick_stop'),(318,178,12,'2024-11-20 20:22:30','date_night'),(319,497,13,'2025-06-12 12:10:49','cozy_ambiance'),(320,28,149,'2024-09-03 17:01:21','brunch_place'),(321,116,179,'2025-03-17 11:15:22','study_spot'),(322,184,175,'2025-07-28 18:13:30','late_night'),(323,47,157,'2024-09-29 16:40:48','best_coffee'),(324,124,150,'2025-01-31 21:03:00','quick_stop'),(325,423,153,'2024-05-12 06:16:32','date_night'),(326,269,106,'2025-01-22 17:53:35','cozy_ambiance'),(327,440,125,'2024-10-25 00:00:23','brunch_place'),(328,484,116,'2025-05-14 22:29:43','study_spot'),(329,143,176,'2024-07-06 12:58:34','late_night'),(330,335,17,'2025-09-14 11:52:43','best_coffee'),(331,403,14,'2024-04-01 12:56:49','quick_stop'),(332,100,195,'2025-02-20 17:25:21','date_night'),(333,192,172,'2024-05-03 08:39:56','cozy_ambiance'),(334,172,154,'2025-07-01 12:18:14','brunch_place'),(335,483,166,'2024-08-14 17:57:33','study_spot'),(336,147,107,'2024-12-25 01:36:26','late_night'),(337,137,177,'2025-05-07 02:43:18','best_coffee'),(338,477,131,'2024-10-16 10:02:49','quick_stop'),(339,103,129,'2025-09-21 18:55:00','date_night'),(340,497,164,'2024-07-29 14:39:13','cozy_ambiance'),(341,237,15,'2025-02-14 09:44:59','brunch_place'),(342,493,104,'2024-09-05 15:24:25','study_spot'),(343,309,175,'2025-01-20 15:41:09','late_night'),(344,183,157,'2024-07-13 13:32:00','best_coffee'),(346,106,149,'2024-04-08 21:03:04','date_night'),(348,308,179,'2024-09-24 04:07:38','brunch_place'),(349,178,150,'2025-02-05 00:00:27','study_spot'),(350,497,17,'2024-07-18 08:21:50','late_night'),(351,28,181,'2025-01-08 10:58:36','best_coffee'),(352,116,13,'2024-05-01 13:03:08','quick_stop'),(353,184,155,'2025-10-29 15:23:04','date_night'),(354,47,166,'2024-04-05 09:47:06','cozy_ambiance'),(355,124,177,'2025-03-19 21:13:30','brunch_place'),(356,423,137,'2024-10-18 09:56:49','study_spot'),(357,269,195,'2025-04-25 01:36:23','late_night'),(358,440,154,'2024-09-01 11:14:01','best_coffee'),(359,484,159,'2025-01-02 06:33:04','quick_stop'),(360,143,172,'2024-05-15 17:30:30','date_night');
/*!40000 ALTER TABLE `Favorite` ENABLE KEYS */;
UNLOCK TABLES;

--
-- Table structure for table `Follow`
--

DROP TABLE IF EXISTS `Follow`;
/*!40101 SET @saved_cs_client     = @@character_set_client */;
/*!50503 SET character_set_client = utf8mb4 */;
CREATE TABLE `Follow` (
  `follow_id` int NOT NULL AUTO_INCREMENT,
  `user_id` int DEFAULT NULL,
  `employee_id` int DEFAULT NULL,
  `cafe_id` int DEFAULT NULL,
  `follow_date` timestamp NULL DEFAULT CURRENT_TIMESTAMP,
  PRIMARY KEY (`follow_id`),
  UNIQUE KEY `idx_unique_follow_emp` (`user_id`,`employee_id`),
  UNIQUE KEY `idx_unique_follow_cafe` (`user_id`,`cafe_id`),
  KEY `fk_follow_employee` (`employee_id`),
  KEY `fk_follow_cafe` (`cafe_id`),
  CONSTRAINT `fk_follow_cafe` FOREIGN KEY (`cafe_id`) REFERENCES `Cafe` (`cafe_id`),
  CONSTRAINT `fk_follow_employee` FOREIGN KEY (`employee_id`) REFERENCES `Employee` (`employee_id`),
  CONSTRAINT `fk_follow_user` FOREIGN KEY (`user_id`) REFERENCES `Users` (`user_id`),
  CONSTRAINT `follow_ibfk_1` FOREIGN KEY (`user_id`) REFERENCES `Users` (`user_id`),
  CONSTRAINT `follow_ibfk_2` FOREIGN KEY (`employee_id`) REFERENCES `Employee` (`employee_id`),
  CONSTRAINT `follow_ibfk_3` FOREIGN KEY (`cafe_id`) REFERENCES `Cafe` (`cafe_id`)
) ENGINE=InnoDB AUTO_INCREMENT=301 DEFAULT CHARSET=utf8mb4 COLLATE=utf8mb4_0900_ai_ci;
/*!40101 SET character_set_client = @saved_cs_client */;

--
-- Dumping data for table `Follow`
--

LOCK TABLES `Follow` WRITE;
/*!40000 ALTER TABLE `Follow` DISABLE KEYS */;
INSERT INTO `Follow` VALUES (1,495,NULL,15,'2024-05-20 15:03:55'),(2,213,280,NULL,'2025-06-25 12:10:49'),(3,331,NULL,196,'2024-04-18 17:01:21'),(4,470,40,NULL,'2024-11-20 11:15:22'),(5,307,137,NULL,'2024-01-25 18:05:43'),(6,219,NULL,133,'2025-03-09 18:13:30'),(7,47,51,NULL,'2024-01-18 16:40:48'),(8,484,NULL,150,'2025-07-27 21:03:00'),(9,362,102,NULL,'2025-06-19 06:16:32'),(10,396,NULL,175,'2024-04-06 17:53:35'),(11,437,21,NULL,'2025-03-22 00:00:23'),(12,114,18,NULL,'2024-04-14 22:29:43'),(13,106,NULL,169,'2025-08-25 12:58:34'),(14,381,16,NULL,'2024-02-13 11:52:43'),(15,308,NULL,14,'2024-07-27 12:56:49'),(16,178,86,NULL,'2024-03-02 17:25:21'),(17,497,194,NULL,'2025-01-28 08:39:56'),(18,309,13,NULL,'2025-02-23 12:18:14'),(19,394,NULL,91,'2025-08-11 17:57:33'),(20,212,106,NULL,'2025-01-08 01:36:26'),(21,281,NULL,137,'2025-05-18 02:43:18'),(22,144,20,NULL,'2025-06-15 10:02:49'),(23,237,NULL,85,'2024-11-09 18:55:00'),(24,492,149,NULL,'2024-05-09 14:39:13'),(25,342,60,NULL,'2024-09-02 09:44:59'),(26,477,NULL,18,'2025-02-27 15:24:25'),(27,401,159,NULL,'2025-10-14 15:41:09'),(28,411,NULL,23,'2025-01-27 17:51:33'),(29,306,172,NULL,'2025-05-03 13:32:00'),(30,188,NULL,12,'2024-12-14 12:43:40'),(31,335,14,NULL,'2025-09-07 21:03:04'),(32,28,NULL,93,'2025-03-24 12:11:51'),(33,116,176,NULL,'2024-07-29 04:07:38'),(34,184,NULL,129,'2024-03-29 00:00:27'),(35,47,169,NULL,'2024-02-29 08:21:50'),(36,124,NULL,102,'2024-02-14 10:58:36'),(37,423,107,NULL,'2025-10-24 13:03:08'),(38,269,NULL,116,'2024-04-12 15:23:04'),(39,440,155,NULL,'2025-04-03 09:47:06'),(40,484,NULL,157,'2024-01-08 21:13:30'),(41,143,141,NULL,'2025-04-19 09:56:49'),(42,335,NULL,126,'2025-03-12 01:36:23'),(43,403,106,NULL,'2024-09-17 11:14:01'),(44,100,NULL,164,'2024-04-26 06:33:04'),(45,192,104,NULL,'2025-08-28 17:30:30'),(46,172,NULL,19,'2024-01-26 06:24:25'),(47,483,179,NULL,'2024-12-07 16:33:55'),(48,147,NULL,190,'2025-05-09 18:04:14'),(49,137,7,NULL,'2025-06-21 13:32:00'),(50,477,NULL,140,'2025-09-24 09:00:27'),(51,103,154,NULL,'2024-11-19 20:44:11'),(52,497,NULL,157,'2025-10-18 07:29:10'),(53,237,163,NULL,'2025-09-07 10:46:27'),(54,493,NULL,166,'2025-01-07 07:30:45'),(55,309,195,NULL,'2025-09-02 18:02:08'),(56,183,NULL,107,'2024-07-27 23:45:25'),(57,114,184,NULL,'2025-03-22 06:27:16'),(58,246,NULL,126,'2024-11-25 12:47:33'),(59,232,59,NULL,'2025-08-11 12:52:10'),(60,437,NULL,98,'2024-08-01 16:42:01'),(61,482,123,NULL,'2025-06-10 23:43:04'),(62,19,NULL,13,'2025-05-18 14:34:52'),(63,269,39,NULL,'2024-05-24 13:21:49'),(64,429,NULL,125,'2025-01-20 20:22:30'),(65,47,131,NULL,'2024-07-27 12:10:49'),(66,219,44,NULL,'2025-04-18 17:01:21'),(67,308,NULL,30,'2025-05-09 11:15:22'),(68,178,116,NULL,'2024-04-17 18:05:43'),(69,19,NULL,149,'2024-07-25 18:13:30'),(70,484,181,NULL,'2024-05-26 16:40:48'),(71,330,NULL,26,'2024-11-19 21:03:00'),(72,381,134,NULL,'2025-02-12 06:16:32'),(73,147,NULL,110,'2024-08-01 17:53:35'),(74,308,142,NULL,'2025-04-12 00:00:23'),(75,493,NULL,15,'2024-02-13 22:29:43'),(76,269,176,NULL,'2025-05-01 12:58:34'),(77,384,NULL,137,'2024-05-06 11:52:43'),(78,417,102,NULL,'2024-01-20 12:56:49'),(79,440,NULL,16,'2025-08-16 17:25:21'),(80,114,134,NULL,'2024-05-18 08:39:56'),(81,237,NULL,13,'2025-07-28 12:18:14'),(82,479,114,NULL,'2024-08-25 17:57:33'),(83,401,NULL,135,'2024-07-06 01:36:26'),(84,172,17,NULL,'2024-08-23 02:43:18'),(85,309,NULL,153,'2025-06-19 10:02:49'),(86,306,85,NULL,'2025-10-14 18:55:00'),(87,483,NULL,102,'2024-11-20 14:39:13'),(88,362,19,NULL,'2025-02-12 09:44:59'),(89,437,NULL,107,'2025-01-29 15:24:25'),(90,493,159,NULL,'2024-12-14 15:41:09'),(91,103,NULL,172,'2024-07-01 13:32:00'),(92,497,106,NULL,'2025-08-05 12:43:40'),(93,308,NULL,154,'2024-03-21 21:03:04'),(94,28,177,NULL,'2024-06-15 12:11:51'),(95,411,NULL,142,'2025-05-09 04:07:38'),(96,219,14,NULL,'2024-02-12 00:00:27'),(97,493,NULL,140,'2025-09-02 08:21:50'),(98,484,131,NULL,'2025-04-03 10:58:36'),(99,394,NULL,107,'2024-07-25 13:03:08'),(100,482,155,NULL,'2025-05-09 15:23:04'),(101,106,NULL,172,'2024-07-28 09:47:06'),(102,184,17,NULL,'2024-05-05 21:13:30'),(103,440,NULL,142,'2025-02-27 09:56:49'),(104,309,154,NULL,'2024-08-25 01:36:23'),(105,479,NULL,175,'2024-09-08 11:14:01'),(106,493,164,NULL,'2025-01-29 06:33:04'),(107,429,NULL,13,'2024-09-08 17:30:30'),(108,183,19,NULL,'2024-02-12 06:24:25'),(109,219,NULL,179,'2024-08-20 16:33:55'),(110,396,190,NULL,'2025-05-09 18:04:14'),(111,417,NULL,7,'2024-11-20 13:32:00'),(112,477,159,NULL,'2024-12-14 09:00:27'),(113,269,NULL,154,'2025-04-17 20:44:11'),(114,492,157,NULL,'2025-06-03 07:29:10'),(115,178,NULL,177,'2024-11-09 10:46:27'),(116,403,166,NULL,'2024-10-07 07:30:45'),(117,106,NULL,195,'2025-07-28 18:02:08'),(118,497,107,NULL,'2024-05-17 23:45:25'),(119,440,NULL,184,'2025-09-08 06:27:16'),(120,184,176,NULL,'2024-09-02 12:47:33'),(121,103,NULL,59,'2025-03-24 12:52:10'),(122,137,98,NULL,'2024-10-07 16:42:01'),(123,28,NULL,123,'2024-11-18 23:43:04'),(124,246,13,NULL,'2025-01-29 14:34:52'),(125,483,NULL,39,'2025-06-19 13:21:49'),(126,362,125,NULL,'2024-07-01 20:22:30'),(127,493,NULL,131,'2025-08-05 12:10:49'),(128,309,44,NULL,'2024-03-22 17:01:21'),(129,308,NULL,177,'2024-06-15 11:15:22'),(130,411,166,NULL,'2025-05-09 18:05:43'),(131,28,NULL,195,'2024-02-12 18:13:30'),(132,219,15,NULL,'2024-08-23 16:40:48'),(133,394,NULL,134,'2024-09-07 21:03:00'),(134,482,126,NULL,'2025-01-29 06:16:32'),(135,106,NULL,17,'2024-12-14 17:53:35'),(136,184,153,NULL,'2024-07-01 00:00:23'),(137,440,NULL,17,'2025-08-04 22:29:43'),(138,479,154,NULL,'2024-03-22 12:58:34'),(139,493,NULL,177,'2024-06-15 11:52:43'),(140,219,195,NULL,'2025-05-09 12:56:49'),(141,484,NULL,164,'2024-02-12 17:25:21'),(142,396,179,NULL,'2024-08-23 08:39:56'),(143,403,NULL,19,'2024-09-08 12:18:14'),(144,477,190,NULL,'2025-01-29 17:57:33'),(145,147,NULL,137,'2024-12-14 01:36:26'),(146,188,159,NULL,'2024-07-01 02:43:18'),(147,330,NULL,154,'2025-08-05 10:02:49'),(148,429,157,NULL,'2024-03-22 18:55:00'),(149,477,NULL,177,'2024-06-15 14:39:13'),(150,482,166,NULL,'2025-05-09 09:44:59'),(151,103,NULL,195,'2024-02-12 15:24:25'),(152,172,107,NULL,'2024-08-23 15:41:09'),(153,309,NULL,184,'2024-09-08 13:32:00'),(154,479,59,NULL,'2025-01-29 12:43:40'),(155,394,NULL,98,'2024-12-13 21:03:04'),(156,143,123,NULL,'2024-07-01 12:11:51'),(157,492,NULL,13,'2025-08-05 04:07:38'),(158,178,39,NULL,'2024-03-22 00:00:27'),(159,116,NULL,125,'2024-06-15 08:21:50'),(160,401,131,NULL,'2025-05-09 10:58:36'),(161,188,NULL,44,'2024-02-12 13:03:08'),(162,330,177,NULL,'2024-08-23 15:23:04'),(163,147,NULL,166,'2024-09-08 09:47:06'),(164,212,195,NULL,'2025-01-28 21:13:30'),(165,281,NULL,15,'2024-12-14 09:56:49'),(166,384,134,NULL,'2024-07-01 01:36:23'),(167,308,NULL,126,'2025-08-05 11:14:01'),(168,493,17,NULL,'2024-03-22 06:33:04'),(169,103,NULL,153,'2024-06-15 17:30:30'),(170,484,175,NULL,'2025-05-09 06:24:25'),(171,183,NULL,154,'2024-02-12 16:33:55'),(172,28,164,NULL,'2024-08-23 18:04:14'),(173,411,NULL,179,'2024-09-08 13:32:00'),(174,306,190,NULL,'2025-01-29 20:44:11'),(175,483,NULL,195,'2024-12-14 07:29:10'),(176,362,107,NULL,'2024-07-01 10:46:27'),(177,429,NULL,184,'2025-08-05 07:30:45'),(178,47,59,NULL,'2024-03-22 18:02:08'),(179,309,NULL,98,'2024-06-14 23:45:25'),(181,19,NULL,172,'2024-03-01 15:30:15'),(182,47,12,NULL,'2025-01-14 08:45:30'),(183,307,NULL,18,'2024-09-29 05:20:00'),(184,124,149,NULL,'2025-07-11 13:55:07'),(185,335,NULL,175,'2024-04-03 11:08:42'),(186,280,169,NULL,'2025-10-01 16:12:28'),(187,377,NULL,150,'2024-05-20 19:35:51'),(188,460,2,NULL,'2025-02-17 03:40:19'),(189,212,NULL,129,'2024-10-25 10:50:04'),(190,477,102,NULL,'2024-03-19 14:05:40'),(191,401,NULL,137,'2025-06-22 07:15:20'),(192,411,16,NULL,'2024-09-03 20:25:35'),(193,306,NULL,86,'2025-05-27 12:48:11'),(194,188,194,NULL,'2024-11-12 16:33:09'),(195,335,NULL,13,'2025-08-08 11:27:54'),(196,28,91,NULL,'2024-01-05 06:58:31'),(197,116,NULL,106,'2025-04-10 09:18:19'),(198,184,20,NULL,'2024-12-03 13:30:45'),(199,47,NULL,85,'2025-03-17 18:09:50'),(200,124,142,NULL,'2024-06-08 04:44:26'),(201,423,NULL,116,'2025-10-09 10:17:33'),(202,269,60,NULL,'2024-04-20 15:52:10'),(203,440,NULL,149,'2025-01-21 21:03:00'),(204,484,18,NULL,'2024-05-15 06:16:32'),(205,143,NULL,159,'2025-02-10 17:53:35'),(206,335,172,NULL,'2024-08-11 00:00:23'),(207,403,NULL,126,'2025-03-28 22:29:43'),(208,100,177,NULL,'2024-07-06 12:58:34'),(209,192,NULL,166,'2025-09-14 11:52:43'),(210,172,195,NULL,'2024-04-01 12:56:49'),(211,483,NULL,15,'2025-02-20 17:25:21'),(212,147,134,NULL,'2024-05-03 08:39:56'),(213,137,NULL,153,'2025-07-01 12:18:14'),(214,477,107,NULL,'2024-08-14 17:57:33'),(215,103,NULL,184,'2024-12-25 01:36:26'),(216,497,176,NULL,'2025-05-07 02:43:18'),(217,237,NULL,157,'2024-10-16 10:02:49'),(218,493,102,NULL,'2025-09-21 18:55:00'),(219,309,NULL,159,'2024-07-29 14:39:13'),(220,183,179,NULL,'2025-02-14 09:44:59'),(221,114,NULL,190,'2024-09-05 15:24:25'),(222,106,17,NULL,'2025-01-20 15:41:09'),(223,381,NULL,19,'2024-07-13 13:32:00'),(224,308,175,NULL,'2025-08-01 12:43:40'),(225,178,NULL,154,'2024-04-08 21:03:04'),(226,497,195,NULL,'2025-03-05 12:11:51'),(227,28,NULL,107,'2024-09-24 04:07:38'),(228,116,140,NULL,'2025-02-05 00:00:27'),(229,184,NULL,169,'2024-07-18 08:21:50'),(230,47,153,NULL,'2025-01-08 10:58:36'),(231,124,NULL,123,'2024-05-01 13:03:08'),(232,423,30,NULL,'2025-10-29 15:23:04'),(233,269,NULL,142,'2024-04-05 09:47:06'),(234,440,16,NULL,'2025-03-19 21:13:30'),(236,143,131,NULL,'2025-04-25 01:36:23'),(237,335,NULL,179,'2024-09-01 11:14:01'),(238,403,7,NULL,'2025-01-02 06:33:04'),(239,100,NULL,190,'2024-05-15 17:30:30'),(240,192,114,NULL,'2025-08-20 06:24:25'),(241,172,NULL,175,'2024-03-28 16:33:55'),(242,483,106,NULL,'2025-02-13 18:04:14'),(243,147,NULL,154,'2024-06-25 13:32:00'),(244,137,164,NULL,'2025-07-20 20:44:11'),(245,477,NULL,134,'2024-11-20 07:29:10'),(246,103,150,NULL,'2025-04-12 10:46:27'),(247,497,NULL,102,'2024-05-23 07:30:45'),(248,237,140,NULL,'2025-09-05 18:02:08'),(249,493,NULL,155,'2024-07-17 23:45:25'),(250,309,131,NULL,'2025-03-10 06:27:16'),(251,183,NULL,125,'2024-10-01 12:47:33'),(252,114,172,NULL,'2025-05-12 12:52:10'),(253,106,NULL,179,'2024-06-25 16:42:01'),(254,381,149,NULL,'2025-08-07 23:43:04'),(255,308,NULL,184,'2024-03-25 14:34:52'),(256,178,176,NULL,'2025-01-20 13:21:49'),(257,497,NULL,19,'2024-11-20 20:22:30'),(258,28,159,NULL,'2025-06-12 12:10:49'),(259,116,NULL,154,'2024-09-03 17:01:21'),(260,184,190,NULL,'2025-03-17 11:15:22'),(261,47,NULL,137,'2024-04-10 18:05:43'),(262,124,166,NULL,'2025-07-28 18:13:30'),(263,423,NULL,177,'2024-09-29 16:40:48'),(264,269,181,NULL,'2025-01-31 21:03:00'),(265,440,NULL,15,'2024-05-12 06:16:32'),(266,484,26,NULL,'2025-01-22 17:53:35'),(267,143,NULL,13,'2024-10-25 00:00:23'),(268,335,140,NULL,'2025-05-14 22:29:43'),(269,403,NULL,102,'2024-07-06 12:58:34'),(270,100,134,NULL,'2025-09-14 11:52:43'),(271,192,NULL,176,'2024-04-01 12:56:49'),(272,172,153,NULL,'2025-02-20 17:25:21'),(273,483,NULL,150,'2024-05-03 08:39:56'),(274,147,114,NULL,'2025-07-01 12:18:14'),(275,137,NULL,135,'2024-08-14 17:57:33'),(276,477,17,NULL,'2024-12-25 01:36:26'),(277,103,NULL,93,'2025-05-07 02:43:18'),(278,497,137,NULL,'2024-10-16 10:02:49'),(279,237,NULL,129,'2025-09-21 18:55:00'),(280,493,194,NULL,'2024-07-29 14:39:13'),(281,309,NULL,12,'2025-02-14 09:44:59'),(282,183,142,NULL,'2024-09-05 15:24:25'),(283,114,NULL,16,'2025-01-20 15:41:09'),(284,106,177,NULL,'2024-07-13 13:32:00'),(285,381,NULL,14,'2025-08-01 12:43:40'),(286,308,153,NULL,'2024-04-08 21:03:04'),(287,178,NULL,2,'2025-03-05 12:11:51'),(288,497,172,NULL,'2024-09-24 04:07:38'),(289,28,NULL,169,'2025-02-05 00:00:27'),(290,116,175,NULL,'2024-07-18 08:21:50'),(291,184,NULL,142,'2025-01-08 10:58:36'),(292,47,184,NULL,'2024-05-01 13:03:08'),(293,124,NULL,157,'2025-10-29 15:23:04'),(294,423,164,NULL,'2024-04-05 09:47:06'),(295,269,NULL,131,'2025-03-19 21:13:30'),(296,440,140,NULL,'2024-10-18 09:56:49'),(297,484,NULL,195,'2025-04-25 01:36:23'),(298,143,107,NULL,'2024-09-01 11:14:01'),(299,335,NULL,106,'2025-01-02 06:33:04'),(300,403,19,NULL,'2024-05-15 17:30:30');
/*!40000 ALTER TABLE `Follow` ENABLE KEYS */;
UNLOCK TABLES;

--
-- Table structure for table `Menu_Item`
--

DROP TABLE IF EXISTS `Menu_Item`;
/*!40101 SET @saved_cs_client     = @@character_set_client */;
/*!50503 SET character_set_client = utf8mb4 */;
CREATE TABLE `Menu_Item` (
  `menu_id` int NOT NULL AUTO_INCREMENT,
  `name` varchar(100) NOT NULL,
  `description` text,
  `price` decimal(6,2) DEFAULT NULL,
  `category` varchar(20) DEFAULT NULL,
  `availability_status` tinyint(1) DEFAULT '1',
  PRIMARY KEY (`menu_id`),
  KEY `idx_menu_item_name` (`name`),
  CONSTRAINT `menu_item_chk_1` CHECK ((`price` > 0)),
  CONSTRAINT `menu_item_chk_2` CHECK ((`category` in (_utf8mb4'drink',_utf8mb4'food',_utf8mb4'dessert')))
) ENGINE=InnoDB AUTO_INCREMENT=54 DEFAULT CHARSET=utf8mb4 COLLATE=utf8mb4_0900_ai_ci;
/*!40101 SET character_set_client = @saved_cs_client */;

--
-- Dumping data for table `Menu_Item`
--

LOCK TABLES `Menu_Item` WRITE;
/*!40000 ALTER TABLE `Menu_Item` DISABLE KEYS */;
INSERT INTO `Menu_Item` VALUES (1,'Americano','Sade, sıcak kahve',50.00,'drink',1),(2,'Latte','Sütlü ve yumuşak kahve',60.00,'drink',1),(3,'Cappuccino','Köpüklü İtalyan kahvesi',65.00,'drink',1),(4,'Flat White','Yoğun sütlü kahve',70.00,'drink',1),(5,'Espresso','Kısa ve yoğun kahve',55.00,'drink',1),(6,'Double Espresso','Çift shot espresso',75.00,'drink',1),(7,'Macchiato','Espresso üzerine köpük',60.00,'drink',1),(8,'Mocha','Çikolatalı kahve',80.00,'drink',1),(9,'White Mocha','Beyaz çikolatalı kahve',85.00,'drink',1),(10,'Cortado','Espresso ve az süt',60.00,'drink',1),(11,'Türk Kahvesi','Klasik Türk kahvesi',50.00,'drink',1),(12,'Filtre Kahve','Süzülmüş kahve',55.00,'drink',1),(13,'Cold Brew','Soğuk demleme kahve',70.00,'drink',1),(14,'Nitro Cold Brew','Nitro gazlı soğuk kahve',90.00,'drink',1),(15,'Affogato','Espresso ve dondurma',120.00,'drink',1),(16,'Latte Macchiato','Süt ve espresso karışımı',65.00,'drink',1),(17,'Caramel Latte','Karamel aromalı latte',75.00,'drink',1),(18,'Vanilla Latte','Vanilya aromalı latte',75.00,'drink',1),(19,'Hazelnut Latte','Fındık aromalı latte',80.00,'drink',1),(20,'Chai Latte','Baharatlı sütlü çay',65.00,'drink',1),(21,'Matcha Latte','Yeşil çay latte',80.00,'drink',1),(22,'Iced Latte','Buzlu latte',70.00,'drink',1),(23,'Iced Americano','Buzlu americano',60.00,'drink',1),(24,'Iced Mocha','Buzlu çikolatalı kahve',85.00,'drink',1),(25,'Iced Caramel Latte','Buzlu karamel latte',85.00,'drink',1),(26,'Buzlu Türk Kahvesi','Soğuk Türk kahvesi',70.00,'drink',1),(27,'Demleme Çay','Sıcak demleme çay',40.00,'drink',1),(28,'Kaçak Çay','Klasik çay',35.00,'drink',1),(29,'Earl Grey Çay','Bergamot aromalı çay',45.00,'drink',1),(30,'Yeşil Çay','Sağlıklı yeşil çay',50.00,'drink',1),(31,'Jasmin Çayı','Jasmin aromalı çay',55.00,'drink',1),(32,'Adaçayı','Bitki çayı',45.00,'drink',1),(33,'Ihlamur','Sıcak bitki çayı',50.00,'drink',1),(34,'Nane Limon','Ferahlatıcı bitki çayı',50.00,'drink',1),(35,'Hot Chocolate','Sıcak çikolata',60.00,'drink',1),(36,'Iced Chocolate','Buzlu çikolata',70.00,'drink',1),(37,'Lemonade','Ev yapımı limonata',55.00,'drink',1),(38,'Strawberry Lemonade','Çilek aromalı limonata',60.00,'drink',1),(39,'Mango Smoothie','Taze mango püresi',90.00,'drink',1),(40,'Berry Smoothie','Karışık orman meyveli',90.00,'drink',1),(41,'Banana Smoothie','Muzlu smoothie',80.00,'drink',1),(42,'Milkshake','Klasik milkshake',85.00,'drink',1),(43,'Oreo Milkshake','Oreo parçacıklı',100.00,'drink',1),(44,'Chocolate Milkshake','Çikolatalı milkshake',90.00,'drink',1),(45,'Caramel Milkshake','Karamelli milkshake',95.00,'drink',1),(46,'Portakal Suyu','Taze sıkılmış',55.00,'drink',1),(47,'Elma Suyu','Taze sıkılmış',55.00,'drink',1),(48,'Greyfurt Suyu','Taze sıkılmış',60.00,'drink',1),(49,'Nar Suyu','Taze sıkılmış',70.00,'drink',1),(50,'Su','Bardak su',20.00,'drink',1),(51,'Soda','Maden suyu',25.00,'drink',1),(52,'Maden Suyu','Gazlı maden suyu',30.00,'drink',1),(53,'Tonik','Gazlı tonik',35.00,'drink',1);
/*!40000 ALTER TABLE `Menu_Item` ENABLE KEYS */;
UNLOCK TABLES;

--
-- Table structure for table `Review`
--

DROP TABLE IF EXISTS `Review`;
/*!40101 SET @saved_cs_client     = @@character_set_client */;
/*!50503 SET character_set_client = utf8mb4 */;
CREATE TABLE `Review` (
  `review_id` int NOT NULL AUTO_INCREMENT,
  `user_id` int DEFAULT NULL,
  `cafe_id` int DEFAULT NULL,
  `employee_id` int DEFAULT NULL,
  `menu_id` int DEFAULT NULL,
  `rating_overall` decimal(3,2) DEFAULT NULL,
  `rating_service` decimal(3,2) DEFAULT NULL,
  `rating_coffee` decimal(3,2) DEFAULT NULL,
  `rating_atmosphere` decimal(3,2) DEFAULT NULL,
  `comment` text,
  `review_date` timestamp NULL DEFAULT CURRENT_TIMESTAMP,
  `helpful_count` int DEFAULT '0',
  `reported` tinyint(1) DEFAULT '0',
  `review_type` varchar(10) DEFAULT NULL,
  PRIMARY KEY (`review_id`),
  KEY `idx_user_review` (`user_id`),
  KEY `idx_cafe_review` (`cafe_id`),
  KEY `idx_employee_review` (`employee_id`),
  KEY `idx_menu_review` (`menu_id`),
  CONSTRAINT `fk_review_cafe` FOREIGN KEY (`cafe_id`) REFERENCES `Cafe` (`cafe_id`),
  CONSTRAINT `fk_review_user` FOREIGN KEY (`user_id`) REFERENCES `Users` (`user_id`),
  CONSTRAINT `review_ibfk_1` FOREIGN KEY (`user_id`) REFERENCES `Users` (`user_id`),
  CONSTRAINT `review_ibfk_2` FOREIGN KEY (`cafe_id`) REFERENCES `Cafe` (`cafe_id`),
  CONSTRAINT `review_ibfk_3` FOREIGN KEY (`employee_id`) REFERENCES `Employee` (`employee_id`),
  CONSTRAINT `review_ibfk_4` FOREIGN KEY (`menu_id`) REFERENCES `Menu_Item` (`menu_id`),
  CONSTRAINT `review_chk_1` CHECK ((`rating_overall` between 1.00 and 5.00)),
  CONSTRAINT `review_chk_2` CHECK ((`review_type` in (_utf8mb4'cafe',_utf8mb4'employee',_utf8mb4'menu'))),
  CONSTRAINT `review_chk_3` CHECK ((((`review_type` = _utf8mb4'cafe') and (`cafe_id` is not null) and (`employee_id` is null) and (`menu_id` is null)) or ((`review_type` = _utf8mb4'employee') and (`cafe_id` is null) and (`employee_id` is not null) and (`menu_id` is null)) or ((`review_type` = _utf8mb4'menu') and (`cafe_id` is null) and (`employee_id` is null) and (`menu_id` is not null))))
) ENGINE=InnoDB AUTO_INCREMENT=231 DEFAULT CHARSET=utf8mb4 COLLATE=utf8mb4_0900_ai_ci;
/*!40101 SET character_set_client = @saved_cs_client */;

--
-- Dumping data for table `Review`
--

LOCK TABLES `Review` WRITE;
/*!40000 ALTER TABLE `Review` DISABLE KEYS */;
INSERT INTO `Review` VALUES (1,1,5,NULL,NULL,4.25,4.50,4.00,4.00,'Güzel bir kafe deneyimi.','2025-11-27 14:50:57',0,0,'cafe'),(2,2,NULL,12,NULL,4.00,4.00,NULL,NULL,'Barista çok ilgiliydi.','2025-11-27 14:50:57',0,0,'employee'),(3,3,NULL,NULL,23,3.75,NULL,3.50,NULL,'Kahve lezzetliydi.','2025-11-27 14:50:57',0,0,'menu'),(4,4,8,NULL,NULL,5.00,5.00,4.50,5.00,'Atmosfer harika.','2025-11-27 14:50:57',0,0,'cafe'),(5,5,NULL,15,NULL,4.50,4.50,NULL,NULL,'Çok profesyonel bir çalışan.','2025-11-27 14:50:57',0,0,'employee'),(6,6,NULL,NULL,31,4.25,NULL,4.00,NULL,'Tatlıyla birlikte kahve harika.','2025-11-27 14:50:57',0,0,'menu'),(7,7,20,NULL,NULL,3.50,3.00,3.50,3.50,'Fiyatlar biraz yüksek.','2025-11-27 14:50:57',0,0,'cafe'),(8,8,NULL,7,NULL,4.75,4.50,NULL,NULL,'Hızlı ve düzgün servis.','2025-11-27 14:50:57',0,0,'employee'),(9,9,NULL,NULL,12,5.00,NULL,5.00,NULL,'Favori menü öğem!','2025-11-27 14:50:57',0,0,'menu'),(10,10,3,NULL,NULL,4.00,4.00,3.50,4.00,'Sessiz ve rahat bir ortam.','2025-11-27 14:50:57',0,0,'cafe'),(11,11,15,NULL,NULL,4.25,4.00,4.25,4.25,'Orta seviyede yoğun bir kafe.','2025-11-27 14:50:57',0,0,'cafe'),(12,12,NULL,20,NULL,3.75,3.50,NULL,NULL,'Barista biraz aceleciydi.','2025-11-27 14:50:57',0,0,'employee'),(13,13,NULL,NULL,8,4.50,NULL,4.75,NULL,'Kahve çok lezzetliydi.','2025-11-27 14:50:57',0,0,'menu'),(14,14,25,NULL,NULL,4.00,3.75,4.00,4.00,'Küçük ama şirin bir kafe.','2025-11-27 14:50:57',0,0,'cafe'),(15,15,NULL,33,NULL,5.00,5.00,NULL,NULL,'Çalışan çok yardımseverdi.','2025-11-27 14:50:57',0,0,'employee'),(16,16,NULL,NULL,15,3.50,NULL,3.25,NULL,'Menü fiyatları biraz yüksek.','2025-11-27 14:50:57',0,0,'menu'),(17,17,12,NULL,NULL,4.75,4.50,4.75,4.75,'Huzurlu ve ferah bir kafe.','2025-11-27 14:50:57',0,0,'cafe'),(18,18,NULL,5,NULL,4.25,4.00,NULL,NULL,'Hızlı servis ve temiz ortam.','2025-11-27 14:50:57',0,0,'employee'),(19,19,NULL,NULL,21,5.00,NULL,5.00,NULL,'Favori kahvem burada!','2025-11-27 14:50:57',0,0,'menu'),(20,20,30,NULL,NULL,3.75,3.50,3.75,3.75,'Kalabalık saatlerde yoğun.','2025-11-27 14:50:57',0,0,'cafe'),(21,21,NULL,18,NULL,4.50,4.25,NULL,NULL,'İlgili ve nazik barista.','2025-11-27 14:50:57',0,0,'employee'),(22,22,NULL,NULL,29,4.25,NULL,4.00,NULL,'Tatlı ve kahve uyumu mükemmel.','2025-11-27 14:50:57',0,0,'menu'),(23,23,17,NULL,NULL,4.00,3.75,4.00,4.00,'Ortam biraz gürültülüydü.','2025-11-27 14:50:57',0,0,'cafe'),(24,24,NULL,22,NULL,5.00,5.00,NULL,NULL,'Barista çok tecrübeli.','2025-11-27 14:50:57',0,0,'employee'),(25,25,NULL,NULL,11,3.75,NULL,3.50,NULL,'Kahve lezzeti iyiydi.','2025-11-27 14:50:57',0,0,'menu'),(26,26,7,NULL,NULL,4.50,4.25,4.50,4.50,'Şirin ve temiz bir kafe.','2025-11-27 14:50:57',0,0,'cafe'),(27,27,NULL,3,NULL,4.25,4.00,NULL,NULL,'Çok güler yüzlü barista.','2025-11-27 14:50:57',0,0,'employee'),(28,28,NULL,NULL,14,4.75,NULL,4.50,NULL,'Kahve ve tatlılar dengeli.','2025-11-27 14:50:57',0,0,'menu'),(29,29,21,NULL,NULL,3.50,3.25,3.50,3.50,'Yoğun saatlerde sıra var.','2025-11-27 14:50:57',0,0,'cafe'),(30,30,NULL,9,NULL,4.00,3.75,NULL,NULL,'Barista hızlıydı.','2025-11-27 14:50:57',0,0,'employee'),(31,31,NULL,NULL,20,5.00,NULL,5.00,NULL,'Favori menü öğem!','2025-11-27 14:50:57',0,0,'menu'),(32,32,10,NULL,NULL,4.25,4.00,4.25,4.25,'Ortam sessiz ve rahat.','2025-11-27 14:50:57',0,0,'cafe'),(33,33,NULL,12,NULL,4.50,4.25,NULL,NULL,'Çok profesyonel bir barista.','2025-11-27 14:50:57',0,0,'employee'),(34,34,NULL,NULL,25,3.75,NULL,3.50,NULL,'Kahve fiyatı biraz yüksek.','2025-11-27 14:50:57',0,0,'menu'),(35,35,5,NULL,NULL,4.00,3.75,4.00,4.00,'Hızlı servis ve temiz masa.','2025-11-27 14:50:57',0,0,'cafe'),(36,36,NULL,15,NULL,4.25,4.00,NULL,NULL,'Barista çok yardımsever.','2025-11-27 14:50:57',0,0,'employee'),(37,37,NULL,NULL,17,4.50,NULL,4.25,NULL,'Tatlı ve kahve uyumu iyiydi.','2025-11-27 14:50:57',0,0,'menu'),(38,38,8,NULL,NULL,3.75,3.50,3.75,3.75,'Kalabalık saatlerde sıra var.','2025-11-27 14:50:57',0,0,'cafe'),(39,39,NULL,20,NULL,4.00,4.00,NULL,NULL,'Barista deneyimli ve hızlı.','2025-11-27 14:50:57',0,0,'employee'),(40,40,NULL,NULL,12,5.00,NULL,5.00,NULL,'Favori kahvem burada!','2025-11-27 14:50:57',0,0,'menu'),(41,41,18,NULL,NULL,4.25,4.00,4.25,4.25,'Ortam ferah ve sessiz.','2025-11-27 14:50:57',0,0,'cafe'),(42,42,NULL,25,NULL,4.50,4.25,NULL,NULL,'Barista çok profesyonel.','2025-11-27 14:50:57',0,0,'employee'),(43,43,NULL,NULL,8,3.75,NULL,3.50,NULL,'Kahve lezzeti iyiydi.','2025-11-27 14:50:57',0,0,'menu'),(44,44,20,NULL,NULL,4.00,3.75,4.00,4.00,'Temiz ve sakin ortam.','2025-11-27 14:50:57',0,0,'cafe'),(45,45,NULL,18,NULL,4.25,4.00,NULL,NULL,'Barista ilgili ve nazik.','2025-11-27 14:50:57',0,0,'employee'),(46,46,NULL,NULL,23,4.50,NULL,4.25,NULL,'Menü öğesi çok lezzetli.','2025-11-27 14:50:57',0,0,'menu'),(47,47,22,NULL,NULL,3.50,3.25,3.50,3.50,'Yoğun ama keyifli.','2025-11-27 14:50:57',0,0,'cafe'),(48,48,NULL,5,NULL,4.00,3.75,NULL,NULL,'Barista hızlı çalıştı.','2025-11-27 14:50:57',0,0,'employee'),(49,49,NULL,NULL,15,5.00,NULL,5.00,NULL,'Favori tatlım!','2025-11-27 14:50:57',0,0,'menu'),(50,50,12,NULL,NULL,4.25,4.00,4.25,4.25,'Ortam temiz ve düzenli.','2025-11-27 14:50:57',0,0,'cafe'),(51,51,NULL,22,NULL,4.50,4.25,NULL,NULL,'Barista çok ilgiliydi.','2025-11-27 14:50:57',0,0,'employee'),(52,52,NULL,NULL,18,4.00,NULL,3.75,NULL,'Kahve oldukça lezzetliydi.','2025-11-27 14:50:57',0,0,'menu'),(53,53,25,NULL,NULL,4.25,4.00,4.25,4.25,'Kafe çok hoş ve ferah.','2025-11-27 14:50:57',0,0,'cafe'),(54,54,NULL,7,NULL,3.75,3.50,NULL,NULL,'Barista biraz aceleciydi.','2025-11-27 14:50:57',0,0,'employee'),(55,55,NULL,NULL,24,4.50,NULL,4.25,NULL,'Tatlı ve kahve uyumu iyiydi.','2025-11-27 14:50:57',0,0,'menu'),(56,56,15,NULL,NULL,4.00,3.75,4.00,4.00,'Kalabalık saatlerde yoğunluk vardı.','2025-11-27 14:50:57',0,0,'cafe'),(57,57,NULL,12,NULL,4.25,4.00,NULL,NULL,'Barista çok profesyonel.','2025-11-27 14:50:57',0,0,'employee'),(58,58,NULL,NULL,30,5.00,NULL,5.00,NULL,'Favori kahvem burada!','2025-11-27 14:50:57',0,0,'menu'),(59,59,18,NULL,NULL,3.50,3.25,3.50,3.50,'Ortam biraz gürültülüydü.','2025-11-27 14:50:57',0,0,'cafe'),(60,60,NULL,3,NULL,4.00,3.75,NULL,NULL,'Hızlı ve nazik servis.','2025-11-27 14:50:57',0,0,'employee'),(61,61,NULL,NULL,21,4.25,NULL,4.00,NULL,'Menü öğesi çok lezzetli.','2025-11-27 14:50:57',0,0,'menu'),(62,62,22,NULL,NULL,4.50,4.25,4.50,4.50,'Kafe temiz ve şık.','2025-11-27 14:50:57',0,0,'cafe'),(63,63,NULL,16,NULL,4.00,3.75,NULL,NULL,'Barista deneyimli ve hızlı.','2025-11-27 14:50:57',0,0,'employee'),(64,64,NULL,NULL,14,5.00,NULL,5.00,NULL,'Favori tatlım!','2025-11-27 14:50:57',0,0,'menu'),(65,65,8,NULL,NULL,4.25,4.00,4.25,4.25,'Ortam huzurlu ve sessiz.','2025-11-27 14:50:57',0,0,'cafe'),(66,66,NULL,20,NULL,4.50,4.25,NULL,NULL,'Çok nazik bir barista.','2025-11-27 14:50:57',0,0,'employee'),(67,67,NULL,NULL,11,3.75,NULL,3.50,NULL,'Kahve fiyatı biraz yüksek.','2025-11-27 14:50:57',0,0,'menu'),(68,68,12,NULL,NULL,4.00,3.75,4.00,4.00,'Hızlı servis ve temiz ortam.','2025-11-27 14:50:57',0,0,'cafe'),(69,69,NULL,9,NULL,4.25,4.00,NULL,NULL,'Barista çok yardımseverdi.','2025-11-27 14:50:57',0,0,'employee'),(70,70,NULL,NULL,17,4.50,NULL,4.25,NULL,'Tatlı ve kahve uyumu iyiydi.','2025-11-27 14:50:57',0,0,'menu'),(71,71,5,NULL,NULL,3.50,3.25,3.50,3.50,'Kafe biraz kalabalıktı.','2025-11-27 14:50:57',0,0,'cafe'),(72,72,NULL,15,NULL,4.00,3.75,NULL,NULL,'Barista ilgiliydi.','2025-11-27 14:50:57',0,0,'employee'),(73,73,NULL,NULL,23,5.00,NULL,5.00,NULL,'Favori kahve menüm!','2025-11-27 14:50:57',0,0,'menu'),(74,74,20,NULL,NULL,4.25,4.00,4.25,4.25,'Ortam çok ferah.','2025-11-27 14:50:57',0,0,'cafe'),(75,75,NULL,18,NULL,4.50,4.25,NULL,NULL,'Barista profesyoneldi.','2025-11-27 14:50:57',0,0,'employee'),(76,76,NULL,NULL,12,3.75,NULL,3.50,NULL,'Kahve lezzetliydi.','2025-11-27 14:50:57',0,0,'menu'),(77,77,30,NULL,NULL,4.00,3.75,4.00,4.00,'Sessiz ve huzurlu kafe.','2025-11-27 14:50:57',0,0,'cafe'),(78,78,NULL,22,NULL,4.25,4.00,NULL,NULL,'Barista hızlı ve nazikti.','2025-11-27 14:50:57',0,0,'employee'),(79,79,NULL,NULL,28,4.50,NULL,4.25,NULL,'Menü öğesi çok başarılı.','2025-11-27 14:50:57',0,0,'menu'),(80,80,3,NULL,NULL,3.50,3.25,3.50,3.50,'Küçük ve şirin bir kafe.','2025-11-27 14:50:57',0,0,'cafe'),(81,81,NULL,7,NULL,4.00,3.75,NULL,NULL,'Hızlı servis ve temiz masalar.','2025-11-27 14:50:57',0,0,'employee'),(82,82,NULL,NULL,19,5.00,NULL,5.00,NULL,'Favori menü öğem!','2025-11-27 14:50:57',0,0,'menu'),(83,83,25,NULL,NULL,4.25,4.00,4.25,4.25,'Kafe ferah ve temiz.','2025-11-27 14:50:57',0,0,'cafe'),(84,84,NULL,12,NULL,4.50,4.25,NULL,NULL,'Barista çok deneyimli.','2025-11-27 14:50:57',0,0,'employee'),(85,85,NULL,NULL,15,3.75,NULL,3.50,NULL,'Kahve fiyatı uygun değil.','2025-11-27 14:50:57',0,0,'menu'),(86,86,18,NULL,NULL,4.00,3.75,4.00,4.00,'Ortam sessiz ve huzurlu.','2025-11-27 14:50:57',0,0,'cafe'),(87,87,NULL,16,NULL,4.25,4.00,NULL,NULL,'Barista ilgiliydi.','2025-11-27 14:50:57',0,0,'employee'),(88,88,NULL,NULL,26,4.50,NULL,4.25,NULL,'Menü öğesi çok lezzetliydi.','2025-11-27 14:50:57',0,0,'menu'),(89,89,8,NULL,NULL,3.50,3.25,3.50,3.50,'Kalabalık saatlerde yoğunluk vardı.','2025-11-27 14:50:57',0,0,'cafe'),(90,90,NULL,20,NULL,4.00,3.75,NULL,NULL,'Barista profesyoneldi.','2025-11-27 14:50:57',0,0,'employee'),(91,91,NULL,NULL,13,5.00,NULL,5.00,NULL,'Favori tatlım!','2025-11-27 14:50:57',0,0,'menu'),(92,92,12,NULL,NULL,4.25,4.00,4.25,4.25,'Ortam temiz ve ferah.','2025-11-27 14:50:57',0,0,'cafe'),(93,93,NULL,25,NULL,4.50,4.25,NULL,NULL,'Barista çok ilgiliydi.','2025-11-27 14:50:57',0,0,'employee'),(94,94,NULL,NULL,21,3.75,NULL,3.50,NULL,'Kahve çok lezzetliydi.','2025-11-27 14:50:57',0,0,'menu'),(95,95,10,NULL,NULL,4.00,3.75,4.00,4.00,'Hızlı servis ve temiz ortam.','2025-11-27 14:50:57',0,0,'cafe'),(96,96,NULL,18,NULL,4.25,4.00,NULL,NULL,'Barista profesyonel ve hızlıydı.','2025-11-27 14:50:57',0,0,'employee'),(97,97,NULL,NULL,17,4.50,NULL,4.25,NULL,'Menü öğesi başarılı.','2025-11-27 14:50:57',0,0,'menu'),(98,98,5,NULL,NULL,3.50,3.25,3.50,3.50,'Küçük ama keyifli kafe.','2025-11-27 14:50:57',0,0,'cafe'),(99,99,NULL,15,NULL,4.00,3.75,NULL,NULL,'Barista ilgili ve nazikti.','2025-11-27 14:50:57',0,0,'employee'),(100,100,NULL,NULL,24,5.00,NULL,5.00,NULL,'Favori kahvem!','2025-11-27 14:50:57',0,0,'menu'),(101,101,6,NULL,NULL,4.00,3.75,4.00,4.00,'Kafe ferah ve temizdi.','2025-11-27 14:50:57',0,0,'cafe'),(102,102,NULL,17,NULL,4.25,4.00,NULL,NULL,'Barista çok ilgiliydi.','2025-11-27 14:50:57',0,0,'employee'),(103,103,NULL,NULL,20,4.50,NULL,4.25,NULL,'Kahve lezzetli ve aromalıydı.','2025-11-27 14:50:57',0,0,'menu'),(104,104,12,NULL,NULL,4.00,3.75,4.00,4.00,'Ortam sessiz ve keyifliydi.','2025-11-27 14:50:57',0,0,'cafe'),(105,105,NULL,9,NULL,4.50,4.25,NULL,NULL,'Barista deneyimliydi.','2025-11-27 14:50:57',0,0,'employee'),(106,106,NULL,NULL,15,5.00,NULL,5.00,NULL,'Favori kahvem!','2025-11-27 14:50:57',0,0,'menu'),(107,107,18,NULL,NULL,3.50,3.25,3.50,3.50,'Yoğun saatlerde biraz kalabalık vardı.','2025-11-27 14:50:57',0,0,'cafe'),(108,108,NULL,12,NULL,4.00,3.75,NULL,NULL,'Barista çok nazikti.','2025-11-27 14:50:57',0,0,'employee'),(109,109,NULL,NULL,18,4.25,NULL,4.00,NULL,'Tatlı ve kahve çok uyumluydu.','2025-11-27 14:50:57',0,0,'menu'),(110,110,7,NULL,NULL,4.50,4.25,4.50,4.50,'Kafe ortamı ferah ve moderndi.','2025-11-27 14:50:57',0,0,'cafe'),(111,111,NULL,3,NULL,4.00,3.75,NULL,NULL,'Barista hızlı ve güleryüzlüydü.','2025-11-27 14:50:57',0,0,'employee'),(112,112,NULL,NULL,14,5.00,NULL,5.00,NULL,'Favori menü öğem!','2025-11-27 14:50:57',0,0,'menu'),(113,113,25,NULL,NULL,4.25,4.00,4.25,4.25,'Ortam çok ferah ve sessizdi.','2025-11-27 14:50:57',0,0,'cafe'),(114,114,NULL,22,NULL,4.50,4.25,NULL,NULL,'Barista profesyoneldi.','2025-11-27 14:50:57',0,0,'employee'),(115,115,NULL,NULL,21,3.75,NULL,3.50,NULL,'Kahve fiyatı biraz yüksekti.','2025-11-27 14:50:57',0,0,'menu'),(116,116,20,NULL,NULL,4.00,3.75,4.00,4.00,'Temiz ve huzurlu ortam.','2025-11-27 14:50:57',0,0,'cafe'),(117,117,NULL,15,NULL,4.25,4.00,NULL,NULL,'Barista ilgili ve hızlıydı.','2025-11-27 14:50:57',0,0,'employee'),(118,118,NULL,NULL,30,4.50,NULL,4.25,NULL,'Menü öğesi çok başarılıydı.','2025-11-27 14:50:57',0,0,'menu'),(119,119,3,NULL,NULL,3.50,3.25,3.50,3.50,'Küçük ama sevimli bir kafe.','2025-11-27 14:50:57',0,0,'cafe'),(120,120,NULL,7,NULL,4.00,3.75,NULL,NULL,'Hızlı ve kaliteli servis.','2025-11-27 14:50:57',0,0,'employee'),(121,121,NULL,NULL,17,5.00,NULL,5.00,NULL,'Favori kahvem burada!','2025-11-27 14:50:57',0,0,'menu'),(122,122,8,NULL,NULL,4.25,4.00,4.25,4.25,'Kafe temiz ve ferah.','2025-11-27 14:50:57',0,0,'cafe'),(123,123,NULL,20,NULL,4.50,4.25,NULL,NULL,'Barista çok deneyimliydi.','2025-11-27 14:50:57',0,0,'employee'),(124,124,NULL,NULL,13,3.75,NULL,3.50,NULL,'Kahve biraz pahalıydı.','2025-11-27 14:50:57',0,0,'menu'),(125,125,10,NULL,NULL,4.00,3.75,4.00,4.00,'Ortam sessiz ve huzurluydu.','2025-11-27 14:50:57',0,0,'cafe'),(126,126,NULL,18,NULL,4.25,4.00,NULL,NULL,'Barista nazik ve hızlıydı.','2025-11-27 14:50:57',0,0,'employee'),(127,127,NULL,NULL,16,4.50,NULL,4.25,NULL,'Tatlı çok lezzetliydi.','2025-11-27 14:50:57',0,0,'menu'),(128,128,5,NULL,NULL,3.50,3.25,3.50,3.50,'Kalabalık saatlerde yoğunluk vardı.','2025-11-27 14:50:57',0,0,'cafe'),(129,129,NULL,25,NULL,4.00,3.75,NULL,NULL,'Barista ilgiliydi.','2025-11-27 14:50:57',0,0,'employee'),(130,130,NULL,NULL,12,5.00,NULL,5.00,NULL,'Favori menü öğem!','2025-11-27 14:50:57',0,0,'menu'),(131,131,15,NULL,NULL,4.25,4.00,4.25,4.25,'Kafe temiz ve düzenliydi.','2025-11-27 14:50:57',0,0,'cafe'),(132,132,NULL,16,NULL,4.50,4.25,NULL,NULL,'Barista çok deneyimliydi.','2025-11-27 14:50:57',0,0,'employee'),(133,133,NULL,NULL,28,3.75,NULL,3.50,NULL,'Kahve biraz tuzluydu.','2025-11-27 14:50:57',0,0,'menu'),(134,134,22,NULL,NULL,4.00,3.75,4.00,4.00,'Ortam huzurlu ve ferahdı.','2025-11-27 14:50:57',0,0,'cafe'),(135,135,NULL,9,NULL,4.25,4.00,NULL,NULL,'Barista çok nazikti.','2025-11-27 14:50:57',0,0,'employee'),(136,136,NULL,NULL,19,4.50,NULL,4.25,NULL,'Menü öğesi lezzetliydi.','2025-11-27 14:50:57',0,0,'menu'),(137,137,30,NULL,NULL,3.50,3.25,3.50,3.50,'Kafe biraz kalabalıktı.','2025-11-27 14:50:57',0,0,'cafe'),(138,138,NULL,12,NULL,4.00,3.75,NULL,NULL,'Barista hızlı ve ilgiliydi.','2025-11-27 14:50:57',0,0,'employee'),(139,139,NULL,NULL,15,5.00,NULL,5.00,NULL,'Favori kahve ve tatlı kombinasyonum!','2025-11-27 14:50:57',0,0,'menu'),(140,140,3,NULL,NULL,4.25,4.00,4.25,4.25,'Kafe ferah ve temizdi.','2025-11-27 14:50:57',0,0,'cafe'),(141,141,NULL,7,NULL,4.50,4.25,NULL,NULL,'Barista çok profesyoneldi.','2025-11-27 14:50:57',0,0,'employee'),(142,142,NULL,NULL,21,3.75,NULL,3.50,NULL,'Kahve biraz soğuktu.','2025-11-27 14:50:57',0,0,'menu'),(143,143,8,NULL,NULL,4.00,3.75,4.00,4.00,'Ortam sessizdi.','2025-11-27 14:50:57',0,0,'cafe'),(144,144,NULL,20,NULL,4.25,4.00,NULL,NULL,'Barista hızlı ve nazikti.','2025-11-27 14:50:57',0,0,'employee'),(145,145,NULL,NULL,14,4.50,NULL,4.25,NULL,'Favori menü öğem!','2025-11-27 14:50:57',0,0,'menu'),(146,146,12,NULL,NULL,3.50,3.25,3.50,3.50,'Kafe küçük ama keyifliydi.','2025-11-27 14:50:57',0,0,'cafe'),(147,147,NULL,18,NULL,4.00,3.75,NULL,NULL,'Barista ilgili ve deneyimliydi.','2025-11-27 14:50:57',0,0,'employee'),(148,148,NULL,NULL,11,5.00,NULL,5.00,NULL,'Tatlı ve kahve uyumu çok iyiydi.','2025-11-27 14:50:57',0,0,'menu'),(149,149,5,NULL,NULL,4.25,4.00,4.25,4.25,'Ortam temiz ve ferahdı.','2025-11-27 14:50:57',0,0,'cafe'),(150,150,NULL,25,NULL,4.50,4.25,NULL,NULL,'Barista profesyoneldi.','2025-11-27 14:50:57',0,0,'employee'),(151,151,NULL,NULL,18,3.75,NULL,3.50,NULL,'Kahve fiyatı biraz yüksekti.','2025-11-27 14:50:57',0,0,'menu'),(152,152,15,NULL,NULL,4.00,3.75,4.00,4.00,'Kafe huzurlu ve sessizdi.','2025-11-27 14:50:57',0,0,'cafe'),(153,153,NULL,16,NULL,4.25,4.00,NULL,NULL,'Barista ilgili ve hızlıydı.','2025-11-27 14:50:57',0,0,'employee'),(154,154,NULL,NULL,30,4.50,NULL,4.25,NULL,'Menü öğesi çok başarılıydı.','2025-11-27 14:50:57',0,0,'menu'),(155,155,3,NULL,NULL,3.50,3.25,3.50,3.50,'Küçük ama şirin kafe.','2025-11-27 14:50:57',0,0,'cafe'),(156,156,NULL,7,NULL,4.00,3.75,NULL,NULL,'Hızlı servis ve temiz ortam.','2025-11-27 14:50:57',0,0,'employee'),(157,157,NULL,NULL,17,5.00,NULL,5.00,NULL,'Favori kahvem!','2025-11-27 14:50:57',0,0,'menu'),(158,158,8,NULL,NULL,4.25,4.00,4.25,4.25,'Kafe ferah ve temizdi.','2025-11-27 14:50:57',0,0,'cafe'),(159,159,NULL,20,NULL,4.50,4.25,NULL,NULL,'Barista deneyimliydi.','2025-11-27 14:50:57',0,0,'employee'),(160,160,NULL,NULL,13,3.75,NULL,3.50,NULL,'Kahve biraz pahalıydı.','2025-11-27 14:50:57',0,0,'menu'),(161,161,10,NULL,NULL,4.00,3.75,4.00,4.00,'Ortam huzurlu ve sessizdi.','2025-11-27 14:50:57',0,0,'cafe'),(162,162,NULL,18,NULL,4.25,4.00,NULL,NULL,'Barista ilgiliydi.','2025-11-27 14:50:57',0,0,'employee'),(163,163,NULL,NULL,16,4.50,NULL,4.25,NULL,'Tatlı lezzetliydi.','2025-11-27 14:50:57',0,0,'menu'),(164,164,5,NULL,NULL,3.50,3.25,3.50,3.50,'Yoğun saatlerde biraz kalabalık vardı.','2025-11-27 14:50:57',0,0,'cafe'),(165,165,NULL,25,NULL,4.00,3.75,NULL,NULL,'Barista profesyoneldi.','2025-11-27 14:50:57',0,0,'employee'),(166,166,NULL,NULL,12,5.00,NULL,5.00,NULL,'Favori menü öğem!','2025-11-27 14:50:57',0,0,'menu'),(167,167,15,NULL,NULL,4.25,4.00,4.25,4.25,'Kafe temiz ve düzenliydi.','2025-11-27 14:50:57',0,0,'cafe'),(168,168,NULL,16,NULL,4.50,4.25,NULL,NULL,'Barista çok ilgiliydi.','2025-11-27 14:50:57',0,0,'employee'),(169,169,NULL,NULL,28,3.75,NULL,3.50,NULL,'Kahve biraz soğuktu.','2025-11-27 14:50:57',0,0,'menu'),(170,170,22,NULL,NULL,4.00,3.75,4.00,4.00,'Ortam sessiz ve ferahdı.','2025-11-27 14:50:57',0,0,'cafe'),(171,171,NULL,9,NULL,4.25,4.00,NULL,NULL,'Barista nazik ve hızlıydı.','2025-11-27 14:50:57',0,0,'employee'),(172,172,NULL,NULL,19,4.50,NULL,4.25,NULL,'Menü öğesi çok başarılıydı.','2025-11-27 14:50:57',0,0,'menu'),(173,173,30,NULL,NULL,3.50,3.25,3.50,3.50,'Kafe biraz kalabalıktı.','2025-11-27 14:50:57',0,0,'cafe'),(174,174,NULL,12,NULL,4.00,3.75,NULL,NULL,'Barista deneyimli ve ilgiliydi.','2025-11-27 14:50:57',0,0,'employee'),(175,175,NULL,NULL,15,5.00,NULL,5.00,NULL,'Favori tatlım!','2025-11-27 14:50:57',0,0,'menu'),(176,176,3,NULL,NULL,4.25,4.00,4.25,4.25,'Kafe temiz ve ferahdı.','2025-11-27 14:50:57',0,0,'cafe'),(177,177,NULL,7,NULL,4.50,4.25,NULL,NULL,'Barista çok profesyoneldi.','2025-11-27 14:50:57',0,0,'employee'),(178,178,NULL,NULL,21,3.75,NULL,3.50,NULL,'Kahve lezzetliydi.','2025-11-27 14:50:57',0,0,'menu'),(179,179,8,NULL,NULL,4.00,3.75,4.00,4.00,'Ortam sessizdi.','2025-11-27 14:50:57',0,0,'cafe'),(180,180,NULL,20,NULL,4.25,4.00,NULL,NULL,'Barista ilgili ve hızlıydı.','2025-11-27 14:50:57',0,0,'employee'),(181,181,NULL,NULL,14,4.50,NULL,4.25,NULL,'Favori menü öğem!','2025-11-27 14:50:57',0,0,'menu'),(182,182,12,NULL,NULL,3.50,3.25,3.50,3.50,'Küçük ama keyifli kafe.','2025-11-27 14:50:57',0,0,'cafe'),(183,183,NULL,18,NULL,4.00,3.75,NULL,NULL,'Barista nazik ve deneyimliydi.','2025-11-27 14:50:57',0,0,'employee'),(184,184,NULL,NULL,11,5.00,NULL,5.00,NULL,'Tatlı ve kahve uyumu çok iyiydi.','2025-11-27 14:50:57',0,0,'menu'),(185,185,5,NULL,NULL,4.25,4.00,4.25,4.25,'Kafe ferah ve temizdi.','2025-11-27 14:50:57',0,0,'cafe'),(186,186,NULL,25,NULL,4.50,4.25,NULL,NULL,'Barista profesyoneldi.','2025-11-27 14:50:57',0,0,'employee'),(187,187,NULL,NULL,18,3.75,NULL,3.50,NULL,'Kahve fiyatı biraz yüksekti.','2025-11-27 14:50:57',0,0,'menu'),(188,188,15,NULL,NULL,4.00,3.75,4.00,4.00,'Ortam sessiz ve huzurluydu.','2025-11-27 14:50:57',0,0,'cafe'),(189,189,NULL,16,NULL,4.25,4.00,NULL,NULL,'Barista ilgili ve hızlıydı.','2025-11-27 14:50:57',0,0,'employee'),(190,190,NULL,NULL,30,4.50,NULL,4.25,NULL,'Menü öğesi çok başarılıydı.','2025-11-27 14:50:57',0,0,'menu'),(191,191,3,NULL,NULL,3.50,3.25,3.50,3.50,'Küçük ama şirin kafe.','2025-11-27 14:50:57',0,0,'cafe'),(192,192,NULL,7,NULL,4.00,3.75,NULL,NULL,'Hızlı servis ve temiz ortam.','2025-11-27 14:50:57',0,0,'employee'),(193,193,NULL,NULL,17,5.00,NULL,5.00,NULL,'Favori kahvem!','2025-11-27 14:50:57',0,0,'menu'),(194,194,8,NULL,NULL,4.25,4.00,4.25,4.25,'Kafe ferah ve temizdi.','2025-11-27 14:50:57',0,0,'cafe'),(195,195,NULL,20,NULL,4.50,4.25,NULL,NULL,'Barista deneyimliydi.','2025-11-27 14:50:57',0,0,'employee'),(196,196,NULL,NULL,13,3.75,NULL,3.50,NULL,'Kahve biraz pahalıydı.','2025-11-27 14:50:57',0,0,'menu'),(197,197,10,NULL,NULL,4.00,3.75,4.00,4.00,'Ortam huzurlu ve sessizdi.','2025-11-27 14:50:57',0,0,'cafe'),(198,198,NULL,18,NULL,4.25,4.00,NULL,NULL,'Barista ilgiliydi.','2025-11-27 14:50:57',0,0,'employee'),(199,199,NULL,NULL,16,4.50,NULL,4.25,NULL,'Tatlı lezzetliydi.','2025-11-27 14:50:57',0,0,'menu'),(200,200,5,NULL,NULL,3.50,3.25,3.50,3.50,'Yoğun saatlerde biraz kalabalık vardı.','2025-11-27 14:50:57',0,0,'cafe'),(201,201,1,NULL,NULL,4.25,4.00,4.00,4.25,'Harika bir kafe deneyimi.','2025-11-27 14:50:57',0,0,'cafe'),(202,202,2,NULL,NULL,3.75,3.50,3.50,3.75,'Ortam çok keyifliydi.','2025-11-27 14:50:57',0,0,'cafe'),(203,203,NULL,5,NULL,4.50,4.25,4.25,4.50,'Barista çok ilgiliydi.','2025-11-27 14:50:57',0,0,'employee'),(204,204,NULL,7,NULL,4.00,3.75,4.00,4.00,'Servis hızlı ve iyiydi.','2025-11-27 14:50:57',0,0,'employee'),(205,205,NULL,NULL,12,5.00,4.75,5.00,4.75,'Kahve çok lezzetliydi.','2025-11-27 14:50:57',0,0,'menu'),(206,206,NULL,NULL,15,4.25,4.00,4.25,4.00,'Favori menü öğem.','2025-11-27 14:50:57',0,0,'menu'),(207,207,3,NULL,NULL,3.50,3.25,3.25,3.50,'Küçük ama sevimli kafe.','2025-11-27 14:50:57',0,0,'cafe'),(208,208,4,NULL,NULL,4.00,3.75,4.00,4.00,'Huzurlu ve ferah ortam.','2025-11-27 14:50:57',0,0,'cafe'),(209,209,NULL,9,NULL,4.50,4.25,4.25,4.50,'Barista çok profesyoneldi.','2025-11-27 14:50:57',0,0,'employee'),(210,210,NULL,NULL,18,5.00,4.75,5.00,4.75,'Kahve ve tatlı mükemmeldi.','2025-11-27 14:50:57',0,0,'menu'),(211,211,5,NULL,NULL,4.25,4.00,4.00,4.25,'Ortam temiz ve keyifliydi.','2025-11-27 14:50:57',0,0,'cafe'),(212,212,NULL,12,NULL,4.00,3.75,4.00,4.00,'Barista ilgiliydi.','2025-11-27 14:50:57',0,0,'employee'),(213,213,NULL,NULL,20,3.75,3.50,3.50,3.75,'Menü fiyatı biraz yüksek.','2025-11-27 14:50:57',0,0,'menu'),(214,214,6,NULL,NULL,4.50,4.25,4.25,4.50,'Kafe ferah ve temizdi.','2025-11-27 14:50:57',0,0,'cafe'),(215,215,NULL,15,NULL,5.00,4.75,5.00,4.75,'Barista çok hızlı ve nazikti.','2025-11-27 14:50:57',0,0,'employee'),(216,216,NULL,NULL,25,4.25,4.00,4.25,4.00,'Favori kahvem.','2025-11-27 14:50:57',0,0,'menu'),(217,217,7,NULL,NULL,3.50,3.25,3.25,3.50,'Ortam kalabalıktı ama keyifliydi.','2025-11-27 14:50:57',0,0,'cafe'),(218,218,8,NULL,NULL,4.00,3.75,4.00,4.00,'Kafe temiz ve düzenliydi.','2025-11-27 14:50:57',0,0,'cafe'),(219,219,NULL,18,NULL,4.50,4.25,4.25,4.50,'Barista çok profesyoneldi.','2025-11-27 14:50:57',0,0,'employee'),(220,220,NULL,NULL,30,5.00,4.75,5.00,4.75,'Tatlı ve kahve harikaydı.','2025-11-27 14:50:57',0,0,'menu'),(221,221,9,NULL,NULL,4.25,4.00,4.25,4.00,'Ortam çok ferahdı.','2025-11-27 14:50:57',0,0,'cafe'),(222,222,NULL,20,NULL,4.00,3.75,4.00,4.00,'Barista ilgiliydi.','2025-11-27 14:50:57',0,0,'employee'),(223,223,NULL,NULL,11,4.50,4.25,4.25,4.50,'Kahve çok lezzetliydi.','2025-11-27 14:50:57',0,0,'menu'),(224,224,10,NULL,NULL,3.75,3.50,3.75,3.50,'Küçük ama huzurlu kafe.','2025-11-27 14:50:57',0,0,'cafe'),(225,225,NULL,25,NULL,4.00,3.75,4.00,4.00,'Barista hızlıydı ve nazikti.','2025-11-27 14:50:57',0,0,'employee'),(226,226,NULL,NULL,14,5.00,4.75,5.00,4.75,'Favori menü öğem.','2025-11-27 14:50:57',0,0,'menu'),(227,227,11,NULL,NULL,4.25,4.00,4.25,4.00,'Ortam ferah ve temizdi.','2025-11-27 14:50:57',0,0,'cafe'),(228,228,NULL,3,NULL,4.50,4.25,4.25,4.50,'Barista çok ilgiliydi.','2025-11-27 14:50:57',0,0,'employee'),(229,229,NULL,NULL,19,5.00,4.75,5.00,4.75,'Kahve mükemmeldi.','2025-11-27 14:50:57',0,0,'menu'),(230,230,12,NULL,NULL,3.50,3.25,3.50,3.25,'Küçük ama sevimli kafe.','2025-11-27 14:50:57',0,0,'cafe');
/*!40000 ALTER TABLE `Review` ENABLE KEYS */;
UNLOCK TABLES;

--
-- Table structure for table `Users`
--

DROP TABLE IF EXISTS `Users`;
/*!40101 SET @saved_cs_client     = @@character_set_client */;
/*!50503 SET character_set_client = utf8mb4 */;
CREATE TABLE `Users` (
  `user_id` int NOT NULL AUTO_INCREMENT,
  `username` varchar(50) NOT NULL,
  `email` varchar(100) NOT NULL,
  `password_hash` varchar(255) NOT NULL,
  `signup_date` timestamp NULL DEFAULT CURRENT_TIMESTAMP,
  PRIMARY KEY (`user_id`),
  UNIQUE KEY `username` (`username`),
  UNIQUE KEY `email` (`email`)
) ENGINE=InnoDB AUTO_INCREMENT=501 DEFAULT CHARSET=utf8mb4 COLLATE=utf8mb4_0900_ai_ci;
/*!40101 SET character_set_client = @saved_cs_client */;

--
-- Dumping data for table `Users`
--

LOCK TABLES `Users` WRITE;
/*!40000 ALTER TABLE `Users` DISABLE KEYS */;
INSERT INTO `Users` VALUES (1,'hschnieder0','rherreran0@hugedomains.com','28dd81c97d59d5d1a5d876399ca673c7','2025-10-14 04:43:20'),(2,'dsircomb1','etripp1@de.vu','e33cb2a4e5ea2ddb6532fb650197db96','2025-09-03 22:47:55'),(3,'dbowcock2','aleece2@ocn.ne.jp','8afa3cdc704df1e3034897cc78dc9530','2025-08-15 15:26:56'),(4,'jofairy3','ogabb3@umich.edu','8736f7760d411598cc56b9ded1ba05ae','2025-10-13 23:22:10'),(5,'jlunck4','lskilling4@dedecms.com','542b9b735ae6d7a4b4849f04155f4216','2025-01-12 23:22:38'),(6,'dwyne5','aspens5@nsw.gov.au','d232ffe5e8583944e4b23477d4139676','2024-12-28 13:07:20'),(7,'ccicchinelli6','yrosenau6@jigsy.com','dcd161e4b9e5a07fdddc59771b2de618','2025-07-28 19:31:35'),(8,'mkinton7','fpriden7@jugem.jp','7f91c346f50faa9787ebc5c44b2c1fd3','2025-01-29 15:49:31'),(9,'fstansfield8','semmanuel8@miibeian.gov.cn','ab00e8fe14522259fed646e6f13dc8a4','2025-10-07 09:08:51'),(10,'ihalloran9','loveral9@sciencedaily.com','ca053294b6a4477c2f896dfa0d7fd776','2025-09-24 03:43:14'),(11,'aenevera','cmarfea@ask.com','9121967aa54f3ab752c28b506f0bc052','2025-02-15 22:35:56'),(12,'jlongfellowb','southwaiteb@taobao.com','e894bdb98281db59788e78469ec6b67b','2025-08-19 21:41:14'),(13,'ebraddockc','ifulmenc@google.nl','e3680888719d754be7be2580bb920e5a','2025-01-16 09:12:11'),(14,'rpold','ehigginbottamd@slate.com','e939c8f80caf5efae794ee22b70744e2','2024-12-31 09:28:24'),(15,'cwillbournee','ncayzere@stumbleupon.com','c41e8986e1be2eea776779e8aeb08985','2025-11-17 08:26:35'),(16,'akiddef','zlenihanf@amazon.co.jp','0a4413b23d3aa4b267272275d80bef17','2025-01-15 18:04:19'),(17,'gcunradig','apomfretg@sfgate.com','fd632bf43a88935060168d7ea97befaa','2025-10-02 23:54:32'),(18,'rpenrithh','egeerdtsh@gnu.org','bbcb2a3fc83328a077fe78a01686d674','2024-12-27 12:22:52'),(19,'chollowi','vlauxmanni@unc.edu','3bbe6b5587eeba70c86746bc3651f6e1','2025-02-23 07:37:05'),(20,'mbrasenerj','smoorcraftj@hatena.ne.jp','9db6c67da6a1e664c7843768a9e5e83d','2025-01-22 17:08:39'),(21,'oughik','nkeirlk@europa.eu','b2ff4ae4a02dfeeea4ff4263c34afe73','2025-02-07 05:47:39'),(22,'dwoodgatel','clattimerl@clickbank.net','da776797c2ad390d4f97c846f6ff7879','2025-04-21 08:06:21'),(23,'abielbym','gbonnefinm@elpais.com','e1cc35bb81cb5b6bbe231ac979a20f8f','2025-02-17 13:17:10'),(24,'aivanchenkovn','dtongsn@theatlantic.com','ed0d045a3a32013dd5ee9ae1a061814f','2025-03-21 21:02:02'),(25,'srandersono','cbriggso@timesonline.co.uk','921a07ce2a28a2d87ecc9d9e5de2c00d','2025-10-11 04:56:34'),(26,'afrostdickep','plapadulap@unblog.fr','437f065b7ab3c592e46b80cc7dd85edb','2025-04-09 10:10:08'),(27,'lbygateq','hrebanksq@trellian.com','4bc0eb533fe1dabccb7552036da28cc1','2025-06-23 18:10:15'),(28,'ikenrydr','rlampsr@edublogs.org','4491d6468a158d534edfee8409563eba','2025-02-03 06:46:38'),(29,'mperkins','hkimmitts@fc2.com','918344e34eb6a6a0acc0e70da8179656','2025-08-28 07:27:06'),(30,'dbeiderbeckt','bwaistellt@about.me','3963947bd8b46a36376d2002b308fc42','2025-02-14 05:09:27'),(31,'gscarrisbricku','ccaldwellu@craigslist.org','12dd417c92e416e0d500c5c43dfd24b1','2025-06-17 06:19:59'),(32,'rhighnamv','srichardetv@lulu.com','f4f96a9b034b19f25280559ca39b51fc','2025-03-04 21:27:52'),(33,'ajotchamw','gaddisw@soundcloud.com','dd2f612074092d6a68464fb6562c789c','2025-10-04 21:32:10'),(34,'rurwinx','asommerscalesx@google.nl','e07112679970d90a7691cd6e1e62d11f','2025-07-12 16:07:07'),(35,'geisikowitchy','tcossticky@blogspot.com','39a792295c5ac63fa5606f9efc27c28d','2025-07-14 16:33:34'),(36,'jpimz','awannanz@earthlink.net','5284f47b408d7ec8b46821b4ceace34c','2025-04-01 11:53:58'),(37,'prhubottom10','bodyvoy10@wsj.com','e2b0e0ed93358e296147ca2c41d965b4','2024-12-10 19:50:30'),(38,'kelizabeth11','wgrahame11@bravesites.com','afd9140ad3a577b18777469ba0e8f01f','2025-10-18 06:33:03'),(39,'rskupinski12','kloadwick12@comsenz.com','184125f961e2140f105ab975e627bfde','2025-10-28 20:35:42'),(40,'pgalea13','rthorouggood13@biglobe.ne.jp','bbc8b8791895cb86e81074163d192766','2025-09-02 10:32:14'),(41,'raronsohn14','ndonaho14@census.gov','183cf5b3946336e20b6a76c6da49fcf6','2024-12-12 08:20:12'),(42,'jlingwood15','kdobrovolski15@ucsd.edu','9b36bccfef52c79402dd9efdb3a9efee','2024-12-15 23:28:57'),(43,'kmedcalf16','ddebruyne16@goo.ne.jp','21a0c97036413d62e52680bf99722213','2025-01-17 03:37:33'),(44,'cdows17','gdecaville17@clickbank.net','081d17d651251a3bbd57a1fa85952680','2025-02-13 08:23:59'),(45,'mospillane18','csnalom18@wikimedia.org','39ead3f717ad2fd082ed0f27bd1ef343','2025-08-29 13:46:53'),(46,'swolfinger19','bmaccrann19@123-reg.co.uk','1dc6f7e4c758f4bf546df6e83f8c2192','2025-09-12 21:40:36'),(47,'rrobbeke1a','clitster1a@clickbank.net','7e523c6de6901aeb3da8eba655195e81','2025-01-21 23:40:28'),(48,'jmcdougal1b','mjose1b@ow.ly','ef8ec2b0cf79fb0ef7403646d0bba07c','2025-05-22 16:23:51'),(49,'mchardin1c','wmcavinchey1c@netlog.com','27080e8d0d6e31578e15a3ece8d81276','2025-01-06 00:05:13'),(50,'reasun1d','mdelcastel1d@joomla.org','5263a086ec1b1747dfa6efab3b1fe0c9','2025-07-18 07:15:30'),(51,'gbikker1e','dmatuszyk1e@wunderground.com','69ba046b47b52ba8b86d4574f15948e1','2025-01-24 20:04:23'),(52,'kwhitehair1f','cprudence1f@whitehouse.gov','60ec1da4ef6ff8f77b44438d702ac93b','2025-07-21 18:15:18'),(53,'wokeaveny1g','tmayow1g@google.com','3834c9037fc4ef88676cea68f28493ff','2025-03-30 22:45:25'),(54,'ebowen1h','uvowles1h@mlb.com','fc86f0c7726501ae3fa09c172b318bb9','2025-05-12 19:58:07'),(55,'tarchdeacon1i','obool1i@cnbc.com','889de7595430e4abb4f41d061c0e26b6','2025-08-02 17:17:33'),(56,'cdunham1j','jsketchley1j@sitemeter.com','894039d717a555255c8ae5d57ce44e1c','2025-04-24 19:49:55'),(57,'bgoody1k','nmorten1k@behance.net','d427aa4e0ac29197cdeda7cb606b2a6b','2025-10-02 05:16:43'),(58,'agriffiths1l','japplegarth1l@themeforest.net','6ec4b5ea6613260af00c137ad0a64739','2025-09-16 08:39:10'),(59,'yanten1m','kklaggeman1m@fema.gov','93a77c05810af431f19d258e7bf398ed','2025-05-07 02:53:19'),(60,'cberford1n','vjandel1n@ftc.gov','50b4aa3bb7e558b6249d2b44bea26d1d','2025-08-05 00:25:08'),(61,'kbeneix1o','csimpkin1o@blogtalkradio.com','28ca387fc13724ced41ba897b1367c1a','2025-08-20 10:31:27'),(62,'kelleton1p','sburnyeat1p@ameblo.jp','658e37f21bb2df19fc31a4ceed95f435','2025-08-28 10:22:47'),(63,'ahelsdon1q','jdjurisic1q@4shared.com','9c2cb3241257a3b5945ae770b2222d8e','2025-06-14 03:32:15'),(64,'trapi1r','tcockshot1r@dmoz.org','caec8b499d8a843f0f5bab897f505cef','2025-01-03 13:17:07'),(65,'ctuckey1s','bboards1s@twitpic.com','15136777667655ef408cf2cb91e7aae8','2025-09-25 18:31:02'),(66,'bdabnot1t','dkrikorian1t@economist.com','2318e3b3531bbde7b8f0b4bb9e2d011b','2025-05-25 13:33:58'),(67,'dhayller1u','joheagertie1u@lycos.com','c7249900b6d3e8069d24791e4035153b','2024-12-26 13:51:57'),(68,'sdaber1v','sdunseath1v@dmoz.org','599a9d5f24affb29d0b261b6422e0a7d','2025-10-15 17:49:32'),(69,'hcorington1w','edivver1w@wix.com','c36a659c6dceaedf05c115080df3ee2a','2024-12-01 22:22:53'),(70,'bdesborough1x','galcido1x@reddit.com','f36b371e3c4217475e9dc0b8ac6d57b0','2025-09-05 22:42:18'),(71,'kcoraini1y','gjuszkiewicz1y@123-reg.co.uk','47162df177749fe4bb0497ae2fdcc5c0','2025-01-13 16:53:09'),(72,'sdikels1z','cwrates1z@barnesandnoble.com','befc27ec07b596f20c9e4609395bcc08','2025-08-02 17:06:17'),(73,'xdearlove20','sdoddemeade20@mediafire.com','291a7c8fba78da9f1108cc8876a3e452','2025-08-28 08:18:52'),(74,'gswanson21','rhadye21@desdev.cn','adbd19a76742272a97ddc43a5a179d5f','2025-09-08 17:29:02'),(75,'haltamirano22','tphilippon22@cpanel.net','fdd6a014c2a4b59189a1e0dc5890b5c1','2025-03-10 14:45:28'),(76,'aquaif23','csleight23@mac.com','6d6b12cfd9f7e1e6dbce9c78caa8ba93','2025-09-01 13:36:11'),(77,'cberesfore24','rstonelake24@cnbc.com','c584e1bc72a57528040eaa0b518fabe6','2025-05-04 21:57:40'),(78,'ltonbye25','jmougin25@oaic.gov.au','f4a88b7a37b4dbec1fa1d431a6c0c244','2025-05-27 05:24:45'),(79,'cdryden26','adan26@wix.com','870e6c02877ca9f96748777705c13113','2025-08-01 01:50:34'),(80,'asyddie27','broff27@jiathis.com','ccf8bd3e4db2db817a4abf875e9c94c7','2025-03-15 05:57:57'),(81,'naynold28','fkrolman28@e-recht24.de','796f8760007443dfff93110ff0e27983','2025-06-30 01:29:01'),(82,'swhitta29','alerwell29@geocities.com','25ca375deb1c012358a73530c79e526a','2025-09-13 08:10:17'),(83,'cpendergrast2a','ebento2a@usatoday.com','831331b3cadba85215c474b58a270a26','2024-12-19 00:39:31'),(84,'opizzie2b','jbaxstar2b@wikispaces.com','198508146b5bce0e788123acebc91191','2025-04-06 23:53:59'),(85,'dgrigoryev2c','bdoick2c@webmd.com','10288babf5034d8933f2f9656ff3f038','2025-04-18 04:10:59'),(86,'wbridywater2d','llemasney2d@shareasale.com','68520c90ceed580e4baccf9cc4d14132','2025-05-24 10:12:35'),(87,'gbroyd2e','gofallowne2e@noaa.gov','a2ef3f6a4ee33744ad5cd94939cc4e39','2025-10-16 00:02:30'),(88,'dprazer2f','bworsfold2f@hud.gov','aa5f0e1846adda9470ed9634431962b6','2025-10-16 19:34:15'),(89,'sdunguy2g','wgorgen2g@opera.com','9d523c1f2dabc5e6b406cdbb1d18d349','2025-02-16 12:10:57'),(90,'zgresty2h','aworsalls2h@slate.com','523c7035ce4285e8a82a38f8d1b37982','2025-09-23 01:07:58'),(91,'dsentinella2i','imathy2i@nih.gov','bb88ab40199645728663964b1988b1a5','2025-11-07 21:31:41'),(92,'ecorse2j','cwalton2j@netlog.com','933993ef86217d6a16b16a0a7d3fe77f','2025-02-17 01:43:18'),(93,'eschankel2k','mcroneen2k@lulu.com','a1c5b83402a8f6798fd26e9eaa654257','2025-02-28 11:07:48'),(94,'dkender2l','ebottinelli2l@businesswire.com','9750ea0dba7a44b6cf699f6a30eb858a','2025-11-05 21:15:44'),(95,'wwoodham2m','aboman2m@ted.com','cf289735459c25b70b0f16e11652b631','2025-09-08 02:36:41'),(96,'bchestnut2n','eshoute2n@fema.gov','bc6aa88a9f1635ca889961fa395ddd60','2025-04-07 19:27:55'),(97,'abellamy2o','rbowdon2o@earthlink.net','99bdbad7c28b9490b570077c825a17ff','2025-02-09 21:46:51'),(98,'aarson2p','glaweles2p@engadget.com','50359b6a5ff8bfc17c20ad301deb2fb5','2025-10-23 13:34:49'),(99,'esloam2q','awookey2q@google.com.hk','10abee85d2fbfcfa5977ed26388d025e','2024-11-21 23:40:23'),(100,'rlehrian2r','jpipes2r@cnn.com','c6c949d21e07aa91889dc09ba60aaac4','2025-10-05 01:03:41'),(101,'pchoppin2s','epidcock2s@mozilla.org','7f373b1b868d1f5410bda0ca160299c6','2025-06-26 14:24:29'),(102,'rmerrigan2t','nyeldon2t@imgur.com','9eee4458dd44e796fe932cf43d3a9c47','2025-04-05 21:17:07'),(103,'pbowton2u','lmcbrier2u@biblegateway.com','ef47f0cf2384da9212502086e9eba71f','2025-05-07 07:50:23'),(104,'tmacterlagh2v','jsmorthwaite2v@dell.com','e7578d053744240b24b488a280427c1a','2024-12-15 21:34:19'),(105,'rbeeton2w','xbartram2w@vinaora.com','da8a36c2df14d96c84bd687ae7f0b9ef','2024-12-31 11:12:53'),(106,'ddanilewicz2x','leric2x@narod.ru','3cdac3822bfb6c2f79ab5e18f3d503fc','2025-05-18 18:10:27'),(107,'zmacness2y','jrolingson2y@multiply.com','99f1f17d480805e0f6086ba0fe976d64','2025-07-15 09:27:12'),(108,'ccorstan2z','dfitzroy2z@cnet.com','95df843f7fc476b9b3b7ccba2396ce4e','2024-12-23 21:31:11'),(109,'llippiello30','ftuhy30@shareasale.com','bf2f8974dfba2a5f245b5ee569041f5f','2025-03-08 11:32:49'),(110,'gpont31','abolden31@wunderground.com','6f7d79aa93b6ad9005a9c3c5c7d3dc97','2025-07-27 16:33:55'),(111,'fhoyer32','hcurds32@stumbleupon.com','1b31d579a9ba8fc963340d6e15dc2c53','2024-12-23 16:30:32'),(112,'mgiacaponi33','tmart33@wikimedia.org','05a7b3caffd2e15f6fe39b13445ca7ae','2025-02-22 09:30:47'),(113,'gsweynson34','bfreemantle34@sciencedirect.com','7672b6c5b71564ec58cd89f1dad82cd6','2025-08-17 04:56:37'),(114,'mstallworth35','mmcnulty35@forbes.com','8fd8701449552a8d4a6046f7834d9edf','2025-07-27 05:49:57'),(115,'meley36','cizzett36@homestead.com','ab7afbdeaab6ba35a30cdb54b473137f','2025-04-04 22:16:10'),(116,'azimmer37','djarvie37@lycos.com','f6ca949a9845064b7f925e7c96800c66','2025-04-14 15:52:25'),(117,'csykora38','mrubbert38@hatena.ne.jp','2778bd1c454022e9e2892a2c39e67185','2024-11-26 21:46:37'),(118,'zgilmartin39','cwaleworke39@hatena.ne.jp','24feeb970b0e2952149ad6f69ad55601','2025-04-30 14:15:24'),(119,'laddyman3a','gbellingham3a@samsung.com','eb09d9d2b0dd09a3d12d198e2ed7ddea','2025-06-25 11:05:02'),(120,'iarnott3b','cdewan3b@weather.com','ca7e1a27f592cfd2e0fb1122809a5916','2025-05-18 13:10:52'),(121,'dadamek3c','uhambleton3c@prweb.com','c367b2c541b993cda3bc0967597f737d','2025-06-06 03:45:01'),(122,'bmccritchie3d','ekiffe3d@washingtonpost.com','1fb1c9c7ec1559126ea916628e3b0627','2025-08-12 04:31:46'),(123,'tsalvatore3e','jswadlinge3e@example.com','5e009afb36a3637805d8a68ab8ccda40','2025-11-15 16:40:37'),(124,'lthunnercliffe3f','ngalletley3f@ucoz.com','9fb74f3212135343a94fbd7f3fee54f4','2025-08-10 10:36:32'),(125,'lalyoshin3g','wimos3g@omniture.com','cec156aadba9cb353f8528ad4319be01','2024-11-25 06:12:21'),(126,'csnoden3h','scallen3h@issuu.com','3a50af24c34caa28f643f5585b8364fc','2025-11-04 10:08:55'),(127,'shanbidge3i','mstrickland3i@twitter.com','8098d88d75788b1e38500ec019b31456','2025-10-26 03:26:34'),(128,'llabin3j','achisholm3j@rambler.ru','1871cc4e0577e6a350183197fc33599b','2025-01-12 19:59:38'),(129,'amattielli3k','jyearsley3k@live.com','477e2adce07503e9377e978d80136f77','2025-09-01 17:05:36'),(130,'cnelsey3l','bference3l@arizona.edu','26660c55e3052845106f0021b73c7d59','2024-12-01 04:15:12'),(131,'mfergyson3m','acranmere3m@buzzfeed.com','42b3f50ba0841c48b9f7142ac18a366d','2025-11-02 18:03:15'),(132,'djellico3n','dmcgorley3n@gizmodo.com','77c2ca80f959150981c1590283629cce','2025-07-16 17:12:36'),(133,'sbarthod3o','cfolker3o@addthis.com','b732bdc862fb94fb97c7a79d7a24303d','2024-12-14 07:51:04'),(134,'mwoofenden3p','spischof3p@etsy.com','94aa11cfc4def7ff618897f905078259','2025-09-20 09:24:41'),(135,'evasic3q','cculmer3q@macromedia.com','8db5d02b8a59f20a399c892c64a9ccda','2025-03-10 19:23:14'),(136,'cduddin3r','agleadhell3r@unblog.fr','6cb6632aa7df0d24d04a7f82f8c44147','2025-06-15 21:34:59'),(137,'bpetschelt3s','lreppaport3s@telegraph.co.uk','b6d79da78cc6f37668223a6a03d2f3dc','2025-07-06 18:29:35'),(138,'lgercken3t','rriddoch3t@hp.com','ebdb8394c5b85d13da8d7e114894298b','2025-03-07 01:09:25'),(139,'wpindar3u','mpleavin3u@bluehost.com','29ce5e056d96cb57588051b6c8acd20d','2024-11-24 08:49:43'),(140,'spowdrell3v','lwhatsize3v@last.fm','f19c6030ac5e858e612d5feca4346202','2025-02-21 05:17:52'),(141,'vlabro3w','sgahan3w@free.fr','9e8cecd734db3a5c844e90933246882c','2025-08-06 23:53:53'),(142,'awilgar3x','hseeman3x@noaa.gov','2e4388b0ff31b41007978049ec9f5b29','2024-12-26 06:21:23'),(143,'cmarley3y','sfreezor3y@ehow.com','4f98c6c1ae603a728eeeecc34c745dfa','2025-08-06 05:42:17'),(144,'mjerred3z','idalziel3z@google.com','ad05c3aa244b827414b3bdb6cd823189','2025-05-27 04:07:21'),(145,'ebereford40','mshermar40@smh.com.au','9644a539166095c2daa60716664460f9','2025-08-07 01:31:40'),(146,'jboater41','rdean41@bing.com','a0d6072d20872719b694b923b97a8cc6','2025-09-12 08:51:54'),(147,'mbettley42','rnisco42@scribd.com','26ef38140aff45f988ea601dcadbbe15','2025-10-30 02:18:07'),(148,'aheddon43','jsalzburger43@ucsd.edu','d821ceef7753d31e32cb34665f75361f','2025-01-22 05:59:19'),(149,'kanscombe44','whyndley44@facebook.com','5a89e2b3109e1ea86804e0f85535edde','2025-07-12 20:02:25'),(150,'gblampied45','ltrubshaw45@reddit.com','58cef015392e962b5b74f189ae0b5457','2025-04-13 00:42:01'),(151,'jtrowler46','tfarryn46@apple.com','b0f182a28e733af450d66b467f5c291a','2024-12-04 16:54:48'),(152,'ajudgkins47','galeksankin47@ed.gov','a93e16583596bb67b62fa2f4852d5481','2025-05-26 23:44:26'),(153,'rmacalinden48','ehutchens48@sfgate.com','81e8ec5b8373d9ca230cffd1d6d963fb','2025-06-14 08:11:14'),(154,'kclearley49','gmarvelley49@de.vu','902ae90e6302959335861465149a0278','2025-03-31 09:56:09'),(155,'cstockle4a','kdoherty4a@google.pl','ceaccb93a85ad9cb2dba35eb18d33108','2024-12-21 19:49:42'),(156,'sohern4b','bwellman4b@yellowpages.com','c4d2c747d4619981360058c025039da4','2025-02-14 19:08:11'),(157,'mcopozio4c','ftrelease4c@va.gov','d07cbab8b0eb7e3e1a949d01e16d59c6','2025-03-14 15:38:49'),(158,'kaxtonne4d','kquilleash4d@so-net.ne.jp','dd879ef396a7bd5d3aaf5386b82e425d','2025-10-07 04:25:45'),(159,'lreadhead4e','hleese4e@163.com','f9e409658b327fa7b8b19bc835de06a6','2025-05-28 13:33:41'),(160,'tgleasane4f','tluxmoore4f@bbb.org','9b2eee93f0bf5f4018ca81acbd3203a5','2025-10-14 23:31:46'),(161,'gmorfell4g','rgremane4g@desdev.cn','7222408f4ada5ef5560043fe67da2e3d','2025-09-16 02:30:13'),(162,'zwillingale4h','rsiveyer4h@google.cn','240c7b49d2d464edd6bd2df000cb762e','2025-02-12 22:19:19'),(163,'gdyzart4i','oloughhead4i@jiathis.com','2a04b5d41f4ac0c6bf2e8f1636def3be','2025-02-16 00:14:57'),(164,'sfrankom4j','ltidcombe4j@indiegogo.com','652e493e1bedb3e055418109575cc041','2025-09-30 12:34:47'),(165,'kstonard4k','ccockerell4k@twitter.com','0ecff74ca605758d865779338db16d1a','2025-02-09 03:20:17'),(166,'tkirtland4l','hbencher4l@jimdo.com','e0b5020e6473f8739556a4dd51427903','2024-12-22 10:58:23'),(167,'icuthbert4m','aburchatt4m@fc2.com','93b1e4dfc0d6bc72606e28019f4bf2ea','2025-03-29 23:51:49'),(168,'ljoule4n','sespinho4n@economist.com','08ea2965fe8c7b1b6c80396ff6a5f876','2025-04-10 22:19:00'),(169,'gsalleir4o','rzollner4o@instagram.com','eac3978b8d6ca831c65a226efde5e3de','2024-12-13 01:25:50'),(170,'hsalt4p','eprester4p@washingtonpost.com','fb3e6712663c56af8531f827d0f6d8a3','2025-01-19 07:57:11'),(171,'rcamocke4q','rfoxen4q@ehow.com','b698e5df33de4e6922f67246b76a7fdc','2025-11-04 00:43:27'),(172,'fkassman4r','mpettet4r@msn.com','9a8dc418493d7a82752e4439ba806d39','2025-05-04 07:00:47'),(173,'fyalden4s','hbrett4s@ucsd.edu','7b1ab7a9a8d401d2b52933744f16a372','2025-09-28 11:52:11'),(174,'ebroddle4t','rempleton4t@zimbio.com','4d69b0cbaaddd9dbc16a78a0ec5eab67','2025-06-17 04:12:06'),(175,'slints4u','ccliburn4u@amazon.co.uk','b44345072fb9f63062a8890bedb01418','2025-06-08 10:13:59'),(176,'sconeley4v','pattrey4v@quantcast.com','b9f647977f4ca48b5bd876f6b4dd0a1f','2024-12-24 23:47:20'),(177,'oplunket4w','lstearnes4w@huffingtonpost.com','b4ae01ad12e4620336a616905625bcf8','2025-05-29 00:15:44'),(178,'srowan4x','vsenchenko4x@ebay.com','85c89b15fb9308ccca683d2f66cbc160','2025-01-20 18:43:49'),(179,'cjohl4y','vdobinson4y@prnewswire.com','6178bddec18ca60b6f8dc8b6ea85dd30','2024-12-07 18:38:19'),(180,'nshervil4z','cfrostdyke4z@odnoklassniki.ru','28933a250cb615afd02432026027655e','2025-04-29 05:50:24'),(181,'elibero50','velcott50@nbcnews.com','4f6b8765998d06a61c2c09ba1f4c077a','2025-01-04 23:33:02'),(182,'adixey51','rlongmaid51@ustream.tv','15661ef76338978832aa6a44b4692372','2024-12-13 04:19:45'),(183,'fbrawson52','lkmietsch52@google.co.uk','37736bc3c80bc757751070e63dfac821','2024-12-24 16:42:50'),(184,'kcunnah53','otegeller53@liveinternet.ru','d0e421d5535baee24b27b305ffda90d6','2025-05-22 11:23:08'),(185,'veallis54','jheskin54@squarespace.com','feea9f5210fdd1437ab427a203867623','2025-02-26 07:48:54'),(186,'bhrinishin55','fbadham55@angelfire.com','9b4cf071586064cc752a5753ae230d93','2025-11-09 07:15:51'),(187,'pdewdney56','nfoy56@youtube.com','4ec34c25f197fbe309e32e721f81f2f6','2024-12-24 03:05:15'),(188,'pbellini57','lbiermatowicz57@instagram.com','59a51c4e62daa83875fc368c48a28c55','2024-12-23 17:06:35'),(189,'astpierre58','clockton58@admin.ch','e019d4b72333aab96a206dcc796ef4c2','2025-04-08 02:50:58'),(190,'agutman59','ahunt59@dagondesign.com','c5b583f917f899e8def6ac9a8ccf0aa5','2025-08-19 20:12:22'),(191,'fjuckes5a','lsimonitto5a@imgur.com','b74774c1133ed6ca4dac60844aef8f05','2025-05-03 22:51:37'),(192,'jbelli5b','rtradewell5b@stanford.edu','804492a060604b9b505f382ec7798a3e','2025-05-13 10:17:09'),(193,'akornousek5c','jfilmer5c@prnewswire.com','795adb2675a75ad262e55a2b582c3d51','2024-11-29 09:22:03'),(194,'fduesberry5d','cpaddingdon5d@nymag.com','4879aa70b1ede65e6c08c977f09dadfe','2025-08-15 03:21:54'),(195,'cjeffcoate5e','adensham5e@uol.com.br','88d683da12caa04e6a42f965d63e790d','2025-05-14 15:18:35'),(196,'arollitt5f','ekunneke5f@facebook.com','4af43a8efac4c58d5540ec5253e20c3c','2025-07-23 04:12:18'),(197,'jleigh5g','kbonifant5g@forbes.com','cfcf4341a84955d98fe8f909e02369a6','2025-01-25 10:50:49'),(198,'rbrearton5h','flanchester5h@purevolume.com','af08822e2507e4ab4fce1cdc348ae860','2025-03-26 07:08:49'),(199,'ahurich5i','vjamme5i@mysql.com','9c0019ab2041041f4cdeb65cc3e43f7d','2025-06-28 13:51:49'),(200,'tjoseland5j','pgeorge5j@businessweek.com','63d5973ffe0b4fe0fbf2b6d83db9d4aa','2025-04-02 11:31:56'),(201,'pgladman5k','kbrandsen5k@paypal.com','b1fad4f97d0431c2f7fa56c704174d09','2025-03-24 17:24:05'),(202,'jwhelband5l','epickless5l@google.com.au','d2993d4258eed1f83711b4d7e10bd6db','2025-11-03 20:09:33'),(203,'tlinggard5m','jaugar5m@bravesites.com','79f2b9c9fe806cb47dc3afccfda3f6dc','2025-11-06 03:19:17'),(204,'jroskruge5n','ajenkinson5n@pen.io','b07bd7345a4c7d85e36dca3e6d68b87c','2024-12-14 12:40:01'),(205,'qmathieson5o','cwithur5o@mayoclinic.com','1f7c70c3a408aee7ce05036963d37323','2025-10-27 06:33:53'),(206,'tlehemann5p','crosina5p@wired.com','6e9993e53e22d5ccc374f8dfd6ce8394','2025-02-25 12:54:57'),(207,'sspalton5q','hbeverstock5q@jalbum.net','e2b5898a19e5d66ed30bb00e8fdbbf29','2025-06-03 07:17:07'),(208,'dparnby5r','adello5r@businessweek.com','406c82b21912eba36f404b09e3290214','2025-07-24 01:36:28'),(209,'dspinelli5s','mrowes5s@narod.ru','f56a0dc82e7036d3ab52672558bf3b9c','2024-11-25 18:42:11'),(210,'aaylward5t','rcadigan5t@washingtonpost.com','5732010fa454d432c1c02cc25cb142b6','2025-07-25 17:30:08'),(211,'lvaugham5u','dgreenough5u@hugedomains.com','0697f94bc7963bc4d0c8c56f706829a6','2025-08-07 11:48:00'),(212,'mfairholme5v','ogrzegorecki5v@de.vu','879f1a3e8404ce356acdb2893d2b61ed','2025-04-21 18:37:56'),(213,'mcrittal5w','owolfers5w@hc360.com','f95e2e8d308dc8b53434cf4ed2c35c9c','2025-08-17 11:54:57'),(214,'ysawers5x','rcripwell5x@slate.com','7bb95b54f207539869c32b9c74c0da00','2025-06-20 08:55:44'),(215,'lgarrould5y','lbontine5y@apple.com','44572f979ef6f5ef1f0d042eaa40567b','2025-08-07 20:24:08'),(216,'tsiveter5z','kgilliard5z@artisteer.com','f72aca70c459c75537ad56414904f36c','2025-01-08 23:22:41'),(217,'vsawley60','egeekin60@seesaa.net','e067cee8f398e25de0b6e9c8a9dc0c7b','2025-04-19 22:40:51'),(218,'gjeffels61','tmoretto61@de.vu','9801c3ad28ec35b7839fb544dc68c574','2025-05-17 05:47:14'),(219,'icripin62','nwilcinskis62@1und1.de','843529aa586f3c775141265d0be3c0f1','2025-09-25 02:10:09'),(220,'awaghorne63','sbramham63@multiply.com','89be66aef8159d96eb09030887b26d6d','2025-02-26 12:43:51'),(221,'mrubee64','bbeeres64@ucla.edu','2b12c1ef6b1e39f52766b62cc038bd9a','2025-06-04 11:03:02'),(222,'tbagge65','jguswell65@walmart.com','07c3be499d5cfa752ab85175f7680657','2025-04-16 07:29:10'),(223,'ahartley66','pinglese66@ebay.co.uk','6fc6989655f7f58f360ed58ea9b51bb2','2025-08-23 21:09:31'),(224,'rockendon67','hfrankum67@yandex.ru','5404818da61e6e5038bab3da0c367d2b','2024-12-10 02:38:58'),(225,'cpicardo68','kgiral68@uol.com.br','cf311b7e66cb5ab8ef9b64e02961eb62','2025-09-10 04:17:01'),(226,'ccrang69','fkowal69@myspace.com','8b489457ce7506842866ab74be7404f4','2025-09-23 05:33:54'),(227,'kpresman6a','cdionisetto6a@guardian.co.uk','43cd1cf3992a82072da9eded0556b713','2025-06-15 06:39:52'),(228,'mrannigan6b','oklamman6b@privacy.gov.au','4bb8cb185ebf7979b4f77574c19ef0d6','2025-04-24 23:13:58'),(229,'gbrion6c','dmassie6c@nyu.edu','9985da463ead45f5d2205bfe061bc244','2025-03-15 14:58:19'),(230,'ptower6d','dmartinovsky6d@archive.org','ed1a3283dcc2d898f80a675d34e27bfe','2025-03-28 08:10:58'),(231,'fbirkett6e','mfriedlos6e@sciencedaily.com','c50a3e8ce088a03a50fd73613f878b42','2025-03-01 23:39:23'),(232,'ccalderonello6f','balton6f@cloudflare.com','df25ba45b125a2c4903d1c82aac80086','2025-11-09 09:52:06'),(233,'aflowerden6g','ebafford6g@mayoclinic.com','eb3b1566aba9e85cf57dfb6103b266e1','2025-07-30 14:23:47'),(234,'sterne6h','bfaireclough6h@vistaprint.com','2c8cac90fc9622fd9b7d89b55b14a9eb','2025-08-08 13:19:48'),(235,'hblay6i','gspenton6i@paypal.com','49f8a64625e1b6514432110130eb2074','2025-06-04 22:11:26'),(236,'vlidyard6j','jnorvill6j@netscape.com','0b6ee0280de6dc609483cb88d783e199','2025-06-05 02:35:03'),(237,'cholyland6k','abaake6k@123-reg.co.uk','82665747bc147e39f748912fe8630657','2025-06-03 10:05:08'),(238,'mharlow6l','mgrindlay6l@mapy.cz','9794ff37086ff2648025ccab683db750','2025-07-16 19:44:06'),(239,'nmckellen6m','kgeddis6m@purevolume.com','39dd41f024b9a843220805fbe003bfae','2024-12-30 07:52:44'),(240,'nmessenbird6n','dsimeon6n@reverbnation.com','dd38bf1b0bb0695ad7754930b717f9c6','2025-05-13 06:57:14'),(241,'gblueman6o','nbattson6o@sogou.com','21fe70d27636d27029307a6f87d1930b','2025-02-23 20:55:47'),(242,'emuccino6p','sverralls6p@statcounter.com','16dc483ac74a32d53dad0710ffc5cdb4','2025-09-24 03:08:08'),(243,'jtall6q','tnorcutt6q@etsy.com','a1351a44f162c41f93bc308f4c189f0e','2025-08-31 06:48:55'),(244,'okleinhaus6r','ehandy6r@chronoengine.com','8aad2d502b1ecdc112153996af29bbb9','2025-04-20 04:17:38'),(245,'cmanvell6s','cviscovi6s@nationalgeographic.com','e2e4bb4202fccbf7982eb224e36d6b2c','2025-04-21 23:54:25'),(246,'calloisi6t','bstennine6t@unicef.org','3d615f5183f06637ab484b964ea2e265','2025-09-10 05:08:06'),(247,'chue6u','tbreissan6u@wordpress.org','530c958488e8c16edd6ae8ea6822d121','2025-01-26 02:27:48'),(248,'dmollon6v','hpinkett6v@moonfruit.com','7483dceb78c3c74de3734fdabfb29b72','2025-03-20 10:51:04'),(249,'btodhunter6w','ngromley6w@wunderground.com','0c91a120eb383668f5388999e5e29890','2024-12-26 09:18:18'),(250,'smacclenan6x','cmilne6x@gnu.org','538b83ee321f9920399e7dbcd8e2e69b','2025-07-19 02:30:17'),(251,'ebaldetti6y','jibberson6y@yandex.ru','ae6d8c47c5572fe772483d420df9d3d2','2025-02-07 03:22:55'),(252,'cjosilevich6z','gmurrish6z@army.mil','ebfce267c72d92db5b143e73e107017c','2025-11-17 04:03:30'),(253,'kdhooghe70','hstodit70@angelfire.com','5c0385b7ee055bb2c74c03512fe3d827','2025-06-08 12:23:31'),(254,'dtredgold71','cvigers71@naver.com','d40bb7f6976367347fa19aa9ce6b58a9','2024-12-31 00:00:28'),(255,'gkempstone72','ljamson72@mlb.com','0f6272543645c4433b0ff7989433658d','2025-02-11 21:29:11'),(256,'msanney73','jpaty73@baidu.com','1425514bc6a64165e1f1e1b34a6d0ad2','2025-02-20 10:15:53'),(257,'bthome74','ggraveston74@weibo.com','41bc2b27e7dd7b1a6e71692442b7b4cd','2025-03-18 05:34:43'),(258,'hjedrychowski75','dgaynesford75@tiny.cc','7b36728c390c08f6c6ed0cb4fd7e97f4','2025-06-17 23:30:23'),(259,'lgolde76','zprimo76@pen.io','326e3d6dd555ce114f5fde4495dca5ff','2025-08-31 22:50:58'),(260,'jarni77','mivashev77@facebook.com','bb5f907c15f31d1dea3ddacefad6d5c4','2025-01-16 08:51:10'),(261,'bhenrion78','ldavidovich78@privacy.gov.au','96c6c49e7bd195ff91337da39833c379','2025-08-11 19:55:38'),(262,'fvinson79','nbummfrey79@si.edu','5a8ee2d25cbd50b854628fa49b54aafa','2025-08-25 20:20:11'),(263,'dcockerell7a','lboni7a@ucoz.ru','3f6a5e0d94926c58f91b39b9ae6151c9','2025-09-17 20:40:03'),(264,'farnout7b','ltarr7b@cpanel.net','ac5a1ef74fad0fb43d07aa284deed46c','2025-01-30 14:30:34'),(265,'lfudge7c','ogiorgioni7c@arstechnica.com','ad82e4df2b41aec16de41c1e5b4101b9','2025-06-20 14:55:43'),(266,'ebearblock7d','hrimmington7d@aol.com','92b6554effee2c21bd271d6aa7c686cd','2025-05-13 18:28:53'),(267,'nsaylor7e','ljorg7e@youku.com','6888a7f2448cefd609ea339ab676825d','2025-03-23 23:08:21'),(268,'dgriffith7f','bfidian7f@infoseek.co.jp','570d1cd4c2018518e82bdf0ff91ded49','2025-01-06 21:09:45'),(269,'rferran7g','dredemile7g@amazon.co.jp','756c85b831f7cbeb3edfc92753198817','2025-09-23 19:48:51'),(270,'nheber7h','xquincey7h@themeforest.net','4ab832d0ba0b084417d549a7cdd72a79','2025-07-31 21:47:06'),(271,'owhannel7i','csnowball7i@washington.edu','5f7e59d4ec1746fc39dce63f98b91294','2025-11-11 00:50:32'),(272,'obaptista7j','lastie7j@ovh.net','39f3863ecb25bd11d9b795cf842418de','2025-08-26 06:20:13'),(273,'cknocker7k','apinch7k@opensource.org','97cf82b16290ded41cc28c317f7848ff','2025-03-23 21:45:41'),(274,'hsoane7l','qbeveredge7l@t-online.de','010ae80954cc3c9138ad852bf9b102d9','2025-09-12 06:10:14'),(275,'tlezemere7m','btettley7m@goodreads.com','cc2cc20c5e9651516c4fb9f5f9aeb392','2025-06-11 10:18:29'),(276,'mvermer7n','nrysom7n@vimeo.com','531264f5a64b48b50889c4bc85f1e4a7','2025-03-14 00:31:24'),(277,'scaret7o','bbramhill7o@sakura.ne.jp','e8e9d1750a30eac8ae9087bdfdb85b52','2025-05-09 05:20:40'),(278,'cdanilyuk7p','kworks7p@webs.com','418e840f15e305ddf894a97eb5bb0609','2024-12-15 14:56:29'),(279,'nwick7q','abastable7q@reddit.com','34338256df8530c52578dd07719b1cc3','2024-12-15 07:06:12'),(280,'tdeare7r','jlanigan7r@narod.ru','d0ff7d0a72eaba0a91ba303e183314ae','2025-01-15 21:45:06'),(281,'tparsley7s','ehorney7s@virginia.edu','4ba1347b1dc006962c50a2c4cb3876c7','2025-09-06 21:11:51'),(282,'cbillson7t','elyddon7t@about.me','e31c3c92fb5f8eda8fdec014814f4b98','2024-12-01 19:37:04'),(283,'ndowyer7u','btetther7u@oaic.gov.au','f9182ac955b5e5a6f0a4005423668824','2025-05-31 16:01:36'),(284,'ktreadger7v','mgallihawk7v@berkeley.edu','335225b9b22658572bce3d10ee5cacd2','2025-09-17 17:11:46'),(285,'jvasyanin7w','rboundey7w@moonfruit.com','c0895b0a7c7d5d8aee4b1065e105606b','2025-08-07 03:28:56'),(286,'dblanch7x','iboutell7x@hp.com','4bb5c3e523550d2f6c022bec3ffa4b98','2025-09-27 06:33:39'),(287,'cslora7y','rbrambell7y@zdnet.com','b5611d7a54861bf02d27e8dddbadf71b','2025-08-03 17:08:07'),(288,'cgudge7z','fgoane7z@dion.ne.jp','918432f462aa92b66c6f689b6fb6d135','2025-05-18 03:41:35'),(289,'eeburah80','blockyer80@nbcnews.com','763c846fbd60196294c18d92bb2c6f3a','2025-03-09 06:38:18'),(290,'mnormansell81','fbastone81@plala.or.jp','76393d25c1aecdd31b5612a464da3b3b','2025-05-29 23:19:45'),(291,'pohallagan82','mrushsorth82@columbia.edu','214a898542184ebd9e9d842a9304403b','2025-08-27 04:51:28'),(292,'lbielfeldt83','kbenzies83@blogger.com','331254f4c2c0dd4baa41e0e9ee7d0c99','2025-06-13 14:11:41'),(293,'hdonaher84','hsmalcombe84@earthlink.net','21629abcb0adc606db97cca0bbb755e2','2025-11-03 00:26:26'),(294,'jainscow85','aevitts85@examiner.com','9e4252c951e0e9e852683cf390f0b217','2024-11-27 06:18:15'),(295,'earton86','kforst86@skype.com','8f79536cea6ac562c6aa38d21e5132e6','2025-04-03 09:46:01'),(296,'jgritton87','minde87@etsy.com','4c6dcfa69b760dcf5d2f34d4fe28c7fc','2025-07-29 14:14:38'),(297,'bcolerick88','abricket88@msn.com','a42691107d1cb34bfcb3547da04132e1','2025-02-22 22:58:38'),(298,'gcreggan89','mbenford89@spotify.com','a415b7f7003f9469417be346113de134','2025-06-24 21:59:25'),(299,'wadamou8a','bpym8a@soup.io','df78c32f12e08ec33dc72befd2168399','2025-03-27 23:23:20'),(300,'dcruwys8b','dashurst8b@yelp.com','e1f40623bed3157187296f1b643c4e14','2024-12-05 15:55:02'),(301,'bgolsthorp8c','thurles8c@omniture.com','613bff3dc67986276706632440b07afe','2025-04-18 01:13:20'),(302,'chubbins8d','eromanski8d@cyberchimps.com','aeabd764abee0f7891cb2557aba477f2','2025-09-09 13:38:53'),(303,'ddawidman8e','aslogrove8e@gmpg.org','3cdfa47f0c31e908d8f39c46cfc3ae46','2025-06-09 11:36:06'),(304,'aburtwell8f','rbaddam8f@wikipedia.org','8179fe2256b801df50f144c9b428e7d5','2025-02-10 08:29:55'),(305,'esooley8g','kdipietro8g@chron.com','5ffa950ea16fc203a532731fab660abe','2025-01-03 07:44:04'),(306,'adidello8h','hfrascone8h@mlb.com','f0f82c15f01d06b94af302d5e7aa7b5d','2025-03-18 10:53:21'),(307,'bsinderson8i','amanes8i@nps.gov','77ce920c69d9a3433155dacbf9c76e1b','2025-07-12 21:07:22'),(308,'mkolodziej8j','dthombleson8j@github.com','bea17eb19aa6f7120dbd0e0565057367','2024-11-18 20:47:58'),(309,'cwinskill8k','plewerenz8k@csmonitor.com','59fd8cfc68be0131ce4b92cd8becd64d','2025-03-19 16:56:03'),(310,'pmanifold8l','pwilsdon8l@360.cn','21365e92c813ad773b8409214a1a57a7','2025-01-25 00:16:32'),(311,'snoot8m','jdaltrey8m@360.cn','d83f626b13687a838976f27c89476f6a','2025-03-21 15:28:24'),(312,'bfright8n','gklauer8n@blogger.com','13776c76572a3eac6ed8d0e0c3625a43','2025-04-20 17:11:11'),(313,'claite8o','fhuncoot8o@g.co','7a6b9029796f8fd4450394bb9ca1fd2d','2025-02-27 03:17:30'),(314,'gweald8p','aoshea8p@photobucket.com','e27819b0a2ddd87cfb2a2898b931ee6f','2025-02-07 08:10:29'),(315,'jbene8q','bmcrannell8q@w3.org','3f4d0542e1065febb9c2bb1aa5b5e355','2025-09-28 23:12:30'),(316,'lshawl8r','fexrol8r@smh.com.au','cb07ad9363d18a2dbcfa592d02bd4464','2025-06-13 15:11:31'),(317,'bbrandham8s','ikubecka8s@ted.com','94f40b17f8ffe47be7542228a3f6395c','2025-08-21 07:07:54'),(318,'comullane8t','asumnall8t@goodreads.com','c8df3766b918bb6f0df8503b0d73b7f0','2025-05-26 03:05:48'),(319,'ageistbeck8u','vmcure8u@sun.com','413c8197297a82fda38455fcaebe3747','2025-03-12 08:39:04'),(320,'meads8v','ecrighton8v@mlb.com','e06aacd287904ee4a408cce1429f7297','2025-01-22 13:53:14'),(321,'gkivits8w','egrichukhin8w@craigslist.org','a68854864e314e2f41696b73600fdc5a','2024-12-24 13:15:04'),(322,'arash8x','psambath8x@fema.gov','106a1728d7bf9784d876a883355936fb','2025-05-16 06:22:03'),(323,'mpetriello8y','epatching8y@mit.edu','91f3d59c6284530c20179876e713849a','2025-04-10 15:39:52'),(324,'cmalim8z','cpalay8z@wordpress.org','6b6da98b2c9f833c1f39645124863d34','2025-08-03 16:37:02'),(325,'wdadds90','kkitchinghan90@foxnews.com','b358a23ef632e7eef31ed6c512b9c725','2025-05-16 01:57:43'),(326,'aleaver91','lmcmichael91@aol.com','0f9a8e26e3370ef8be6ce04a180677d0','2025-11-12 08:38:52'),(327,'hatherley92','drigler92@cpanel.net','efee520a50bb781703b06a0dc2e19e10','2024-11-30 04:23:14'),(328,'sshakelady93','bvauter93@si.edu','1d7302906c709e3eb82cbedea31177d6','2025-02-09 18:33:47'),(329,'gbobasch94','ginkpen94@comsenz.com','a6dadca0292b69f8f2bc52ec4948ee37','2025-06-05 07:03:27'),(330,'shebner95','zchiplin95@360.cn','19606e6cc298be7d1add8c152b0ea719','2025-09-23 21:29:59'),(331,'tphelit96','smacane96@google.pl','21965d287ce411159594ebda04248a10','2024-11-21 17:57:02'),(332,'cwoodcock97','mcastille97@t.co','5f0b2612bb4ff52aad8aed14c3844b6e','2025-05-26 10:36:56'),(333,'rmcging98','kjemison98@xrea.com','7a4cdf74db23e3362391715b3f2d2b65','2025-10-22 06:16:16'),(334,'asimononsky99','bberre99@ucoz.com','3038b5c9e8c9a95beffe19b1f4f2b6f6','2025-03-05 03:13:49'),(335,'ftimcke9a','rtreadaway9a@ifeng.com','1928098fdfd3b605a27fc53ad41a14c9','2025-06-13 22:48:38'),(336,'kharle9b','nchadney9b@rediff.com','364b4fe69c49f854483bff604527c27c','2025-04-17 22:36:02'),(337,'eguilloton9c','vfull9c@weather.com','3e2dc9cf0be94f663772e674c07c33bf','2025-09-04 00:28:34'),(338,'pdally9d','wcarnduff9d@fc2.com','117d2656951677f3eccbf0719e75688d','2025-07-17 12:47:38'),(339,'testerbrook9e','damort9e@europa.eu','c84c81c2cdba85b39503f3199becce7f','2024-12-11 23:33:56'),(340,'akener9f','cdudliston9f@google.nl','47b01fbe8451e4d2f2b016d95e6ce2a2','2025-05-01 13:35:06'),(341,'hrosendorf9g','cscrivinor9g@skype.com','fdf6b48718623da392e41b1d94e47a8a','2025-01-13 15:48:16'),(342,'cstebbings9h','kbortoluzzi9h@altervista.org','8663553f999f7e6fbc77e94c0d0807ef','2025-09-26 19:10:57'),(343,'csussams9i','mvinter9i@flickr.com','4cb9d6c848f16edf3cc0dc135bc375e5','2025-08-17 04:01:21'),(344,'lmorpeth9j','emckearnen9j@disqus.com','d2f52858977e12be7cb01f390b69eb91','2025-08-19 09:15:52'),(345,'fscyner9k','dmaccrie9k@ow.ly','859be10d98729ebc82f24b954398ca41','2025-09-09 11:08:38'),(346,'lhuxham9l','fpeachman9l@apache.org','fa2b2139afbe599ae5ecdd0680e7c7a1','2025-10-07 14:16:22'),(347,'nkleinber9m','chazeltine9m@ehow.com','3e939ad56740d0506da9bf5560faa079','2024-11-21 08:40:45'),(348,'btrunkfield9n','fheinig9n@netvibes.com','89c946404385bbd6609caf0bc2b473db','2025-05-15 13:37:11'),(349,'ksynke9o','rchristofol9o@cmu.edu','56b775dfaa4bdf5e6a6ab378eaf58ece','2025-04-29 03:59:17'),(350,'fbeatens9p','rbeaver9p@com.com','ba08873eac0a7ec2c5302d22e27fea7d','2025-06-24 15:31:34'),(351,'kkennedy9q','sdewire9q@ow.ly','369e9411787f2a56992f84c9c3502353','2025-02-04 18:08:32'),(352,'eambroix9r','bseear9r@csmonitor.com','7888e4663418f77ddce1dabcb2f28ff8','2025-10-30 00:10:14'),(353,'clayborn9s','fwysome9s@jugem.jp','38ca43ca90c06258202b4bc044249d95','2025-01-16 19:49:21'),(354,'jdaens9t','rhacket9t@vkontakte.ru','dca047a15f1f22ce2e840f23f5446cfd','2025-08-22 03:08:14'),(355,'apincked9u','mcrocken9u@tripod.com','5994edf8bfe119a3ced9724cf3d8bb99','2024-11-25 14:32:05'),(356,'cfurbank9v','kcrighton9v@dion.ne.jp','d9d28fb67494e77da067f317f3604204','2025-04-13 17:19:37'),(357,'dbean9w','hcrickmer9w@hugedomains.com','c8321ddf14b48e3cea0125df6b07e5f6','2025-03-21 04:59:30'),(358,'dgley9x','bmcdougald9x@scientificamerican.com','eabeb30a24b93d9c543091a7a82f45d0','2025-04-24 11:08:12'),(359,'lmackrill9y','robrallaghan9y@omniture.com','5f9de60568a2c13cfb054e8a93894c07','2025-09-07 23:33:27'),(360,'qconyard9z','rsoreau9z@wsj.com','792fa52dc414ed7928d2c80ab7ae9f54','2025-05-15 23:44:17'),(361,'wglandersa0','agierardia0@livejournal.com','15d744649cb2bebe58f0da50f9971303','2024-12-21 00:08:32'),(362,'flinnetta1','adiablea1@twitter.com','a69c287d3f67013ef1db9f3d62573d74','2025-05-12 21:25:30'),(363,'gratcliffa2','hpeggrama2@t.co','fa1da4e2b4401dc03500db5a8f57aa33','2025-09-30 08:34:00'),(364,'bhayzera3','mdruitta3@cbslocal.com','c30864a076db91d13b943b3caa5d6427','2025-10-23 17:28:32'),(365,'rstonestreeta4','wcouvesa4@nifty.com','c77bb368d6dfc5b2326a668c43c5b62d','2025-09-25 13:20:20'),(366,'ataffleya5','agrigolashvilla5@yellowpages.com','52d61d110daa421845ede3db16119a11','2025-04-24 06:13:57'),(367,'idightona6','aherchea6@t.co','aff01b75af01499812071eef4760147a','2025-06-02 13:36:36'),(368,'ctukesbya7','lroddena7@mediafire.com','99382f026dd9c37a9e9c113254884f81','2024-11-27 08:38:22'),(369,'gcampiona8','pmaxweella8@utexas.edu','75ad7323b3decb60d455bf40bdb8431b','2025-06-28 05:13:47'),(370,'ojopea9','chosbya9@geocities.jp','42ffdfc4a1f80a6cbe7207e6c791d40a','2025-01-28 08:10:27'),(371,'stolletaa','mmacpeiceaa@deviantart.com','26faa5ad41023edd7ac4cd4d8278cfa4','2025-04-25 02:01:44'),(372,'amehaffeyab','walowayab@wired.com','c95f3153a3e693fa2d2f1de91772cb42','2025-01-20 18:43:02'),(373,'bregnardac','lsowreyac@wordpress.com','0678959636b7cae59f70875e85cf7ed0','2025-08-08 03:08:27'),(374,'hpoload','mblewad@g.co','1334429e39c0150984b6b153d434c545','2025-03-06 02:26:17'),(375,'chuguesae','rbayleyae@mlb.com','11a6d0295161ff7a18d960f466bd25e4','2025-08-31 23:36:27'),(376,'lcatlowaf','egrassettaf@netvibes.com','6f1942ddefad52006c09d6e4e4848422','2025-06-27 21:27:20'),(377,'acurwoodag','mbullersag@mozilla.org','448c2b11424c06365212fc674a652b69','2024-12-09 04:20:38'),(378,'gdammarellah','pbabonauah@prlog.org','b171e56a49ef1022de3130df3dda1c00','2025-02-09 21:27:10'),(379,'bcapstickai','ggarvinai@wordpress.org','4c40b59fa366ab299922cfe9fbe01492','2025-10-21 21:38:16'),(380,'aescotaj','twassungaj@shutterfly.com','da57b7abb644750364f0e1f62809c95f','2025-05-02 15:36:23'),(381,'erenneak','mmintyak@nba.com','67a5c38af99edf036267d0b3509a4ee1','2025-10-31 07:01:53'),(382,'dbaitmanal','bpilgeral@hud.gov','c0f03698dd637332eeb81ebad4ce697d','2025-07-11 14:18:46'),(383,'kdeesonam','tranklingam@dmoz.org','a53d954cb1f5cf917e5db5234887a8b1','2025-02-14 08:15:46'),(384,'lsinkinan','bgergelyan@vinaora.com','1c8d6ae1acafd2c70a182cc09c9630b4','2024-12-04 17:37:02'),(385,'lpreciousao','dbracerao@oaic.gov.au','44b1f94200525691da6a63ae7ea009cf','2025-03-01 09:45:04'),(386,'ojedrysikap','fbickfordap@xinhuanet.com','bee590f0bec19384ef0c88c6798d662d','2024-12-17 21:30:12'),(387,'jchildaq','aciabatteriaq@wikipedia.org','607b7af0ad10f180991b3b76bc6dc159','2024-12-22 10:46:45'),(388,'htuckettar','htorbardar@gnu.org','723cfb5e107b9995595b87cb63686a51','2024-11-22 06:27:17'),(389,'igudgeonas','tcureeas@baidu.com','58658d4a6c76ac17625316e4f7852767','2025-05-03 13:28:37'),(390,'pfidoeat','mpauleyat@hp.com','8249c6b96fb35c0ee46fd86dd558954f','2024-12-05 10:28:02'),(391,'gocurraneau','swoodburnau@woothemes.com','5ebe053fa21c4026e40d3c5a79171b83','2024-12-05 16:33:56'),(392,'bknellav','dchellingworthav@nature.com','cc6baba63d69547bf8d89a4b19ae77f4','2025-06-25 17:43:00'),(393,'fjesseaw','wberesfordaw@csmonitor.com','37a36eb11c793dd3fb9b25b188d2ad0d','2024-11-28 16:23:31'),(394,'pworlidgeax','mscarlinax@eepurl.com','20b180e428fbbd8eaa2c2d75b8531173','2025-09-02 01:09:10'),(395,'ekytteray','mhawickay@miibeian.gov.cn','b050bb15752f9aa40023290013bd8a02','2024-12-18 05:30:47'),(396,'hdefrancescoaz','ihalletaz@drupal.org','90f055ea1e500f8797c297f77b278036','2025-06-05 08:40:59'),(397,'dojedab0','szanicchib0@mashable.com','e9e34a7f9428bcb5e784267e4f00c02e','2025-07-22 23:09:04'),(398,'mhayshamb1','mlawreyb1@clickbank.net','a66a1df6edf19006105c0e474ed73669','2025-04-11 00:57:27'),(399,'matchlyb2','alemmanbieb2@zdnet.com','0a5919d457c22ecb8cce912e0ebf5936','2025-11-08 22:42:16'),(400,'djursb3','dbasindaleb3@4shared.com','5fd1db787299fa158bcbba6733f4ff95','2025-08-31 22:02:54'),(401,'scraigb4','skiddyb4@bravesites.com','ac1c9e65e09fddca546909940fd171e5','2025-11-17 06:59:14'),(402,'blongstaffeb5','jwhickmanb5@toplist.cz','f40a9f9c02e5a9e58291496483781f02','2024-11-27 08:46:13'),(403,'clauderdaleb6','bmeckiffb6@patch.com','20d8fa3a3b029d2f581b4929aecc0d12','2025-09-22 01:22:02'),(404,'grussamb7','mchristoffelsb7@soup.io','4564ac2e5c1d55fcc6bba27cf0c2f292','2025-08-28 21:17:05'),(405,'cmckeeb8','apiolib8@sbwire.com','67f7daca4ce1dad1a341aa82a230bced','2025-04-24 09:54:48'),(406,'bjaukovicb9','sgroddenb9@fastcompany.com','8979abfafd58ac40505394aa36c189ea','2025-05-22 00:46:01'),(407,'cosherinba','dosgordbyba@altervista.org','862ca3938498fd2a6829585deebc4076','2024-12-06 16:23:31'),(408,'wbarnardbb','djanissonbb@japanpost.jp','c48b214cf0fb001fdca2a21fec6cbd8b','2024-12-03 01:17:50'),(409,'mbegbiebc','gmatchittbc@narod.ru','98d1f3a4a6b9888d9cf5be8be83107ad','2025-01-27 12:14:20'),(410,'lblackaterbd','wimpeybd@sbwire.com','cb99b15d94aa95d35e18b2721d65d5be','2024-12-13 12:09:38'),(411,'chulmebe','slongmuirbe@hatena.ne.jp','f4d9fc720e3900456253ad20390a365a','2025-07-26 04:27:51'),(412,'gblaxallbf','wgarnsonbf@gmpg.org','8f30c8334be832e04d0f366bdcfb04d3','2025-01-14 11:13:42'),(413,'msichbg','tmcdermotbg@gov.uk','272bced6cfa3e6dea1769c1a8a821a14','2025-07-08 09:28:25'),(414,'chonschbh','swonfarbh@shinystat.com','29a7895b98d7a331889065f0c39be68a','2025-11-08 16:04:57'),(415,'acoudraybi','tfordebi@ibm.com','b2704b04893cc45966afeb83f8bc033c','2025-04-30 06:38:41'),(416,'rdelbouxbj','apreddlebj@marketwatch.com','dff3cfacf57269fc56dcd566346c4d71','2025-04-16 00:06:59'),(417,'obordessabk','lgroundwaterbk@illinois.edu','f77a59cf901b7427536d802b01994ccb','2025-04-14 10:26:56'),(418,'cfardybl','igrenfellbl@youtube.com','765c5eddbfead8e4bab0cae41d9812c9','2025-02-06 07:18:54'),(419,'jfredybm','lwhylerbm@abc.net.au','191c53784f1dafc07cbe7602cdcb79ab','2025-10-03 05:43:00'),(420,'jabrahamsonbn','dhardakerbn@smugmug.com','f51f08d06df5a87c424abd03dc16ad98','2025-01-29 15:25:46'),(421,'awolfingerbo','pnaismithbo@google.it','3309e4068bf5ec217060d7e1f364f2b9','2025-05-15 09:26:52'),(422,'bwillimentbp','wdackombebp@adobe.com','b8fb2ecbc46735bf4dbb3036a3e120e9','2025-06-28 08:32:37'),(423,'cparnbybq','epigrambq@twitpic.com','b84baaca493731ddade202280913b79a','2025-07-08 05:24:05'),(424,'hmacmeekanbr','fgooderridgebr@elegantthemes.com','f9ab180bf162a7cc115b66630cbe0350','2025-07-26 09:35:28'),(425,'ofeighneybs','gdarkottbs@hexun.com','1ff7912c26d12049bcaecb5822aa8cd8','2025-05-27 02:34:28'),(426,'dcopcotebt','ecornillbt@youtube.com','310d856fd39da34ff09904d956780620','2025-05-11 22:35:11'),(427,'cblasiakbu','gbaptiebu@auda.org.au','5c730ff907cd23f88aa80a343789f379','2025-05-06 06:46:09'),(428,'csamudiobv','cschlagbv@csmonitor.com','1888922d7718cc382e9d8afd60731d28','2025-09-03 14:45:01'),(429,'ujirickbw','awellmanbw@sciencedaily.com','3458f7384b5669bdfe5ed596e0cdec7c','2025-09-03 07:58:38'),(430,'ssemeniukbx','mlettbx@stumbleupon.com','ed70accfc19778bbc9979a4631771abe','2025-09-04 16:22:18'),(431,'dmccleanby','ccaigerby@mapy.cz','de446ffed69f2b15fcebf5b9c0f312bd','2025-11-11 17:55:27'),(432,'awitherbedbz','ejerdeinbz@yelp.com','e82b99d961a4012b137ff447598bdb0d','2025-02-24 06:05:40'),(433,'pgoggenc0','skubickac0@is.gd','860dfa95367173f7aedc6ded60f74ab5','2024-12-20 11:16:46'),(434,'mdanilovichc1','zklimptc1@biblegateway.com','22d7a45057eda309757fac53b4444d17','2025-06-22 22:02:09'),(435,'mdorosarioc2','aoldeyc2@skype.com','f3bbd7b51ab18d6b7c0e5df250d7422f','2025-02-14 06:47:32'),(436,'emacgeaneyc3','acoleyshawc3@si.edu','32f66e37326418ee9148ae69871e306e','2025-01-16 12:56:59'),(437,'skittimanc4','bcockingsc4@godaddy.com','292f90430fabcee9024d9b75b5d3367d','2025-02-17 21:29:22'),(438,'msutheringtonc5','ksharpinc5@technorati.com','d8a1d2d4a2ca44bb4cec159f26a03dbb','2025-09-09 19:21:42'),(439,'rdeignanc6','jtruterc6@sciencedaily.com','e6af10f4b404fa88d95eb9a0a85391d0','2025-08-03 05:13:05'),(440,'lleasorc7','mmunslowc7@yale.edu','faa491341275ff98e11dec2ae7b346fd','2025-02-20 14:35:13'),(441,'mbritnerc8','ecoulec8@indiatimes.com','047948ab7ef50dbda06b38034248e751','2025-09-16 10:58:51'),(442,'apinchesc9','deinchcombec9@jimdo.com','99296eee464f1e91e5fc8a76a65e10b0','2025-06-25 02:43:16'),(443,'mairetonca','iklassmanca@is.gd','6c51be1457e0789f3588e4ff6e9ef745','2025-08-03 15:05:53'),(444,'mtunnicliffecb','mteidemancb@constantcontact.com','5350f212471321751242c7e81557f80c','2024-11-18 09:10:09'),(445,'ttissimancc','tgatrellcc@sohu.com','bab0262031d394954166e40ad1617e81','2025-02-28 17:26:27'),(446,'ltibaldcd','melkingtoncd@nationalgeographic.com','5a7871d655cc78d3742e595ed6e2670c','2025-09-13 02:49:42'),(447,'bnorvellce','flillgardce@list-manage.com','1e53cbf8c0d9e381a72d1a7857110802','2025-01-31 02:26:16'),(448,'haltoftscf','mmickelwrightcf@scientificamerican.com','6b262f9b595cfe3af35bd57883a5a68f','2025-03-30 00:51:57'),(449,'kcurraghcg','mshaughnessycg@de.vu','c4a241bf2d325e6e5a0f1e827d1304ca','2025-05-25 10:42:32'),(450,'mlesterch','ssecretanch@phoca.cz','c79727cd16d8ec0d3b9361216b123189','2025-05-14 02:01:49'),(451,'pdouberdayci','kbillinci@redcross.org','f39ac5df076c54889cc05f5584554ad1','2025-08-12 21:27:03'),(452,'rranscombcj','vrobjohnscj@netlog.com','aef1bef91287345aba5dceed01e0f2ec','2025-09-01 23:09:35'),(453,'kivesonck','dbartellick@ameblo.jp','4129dd38aa2037925a54176be554b4a1','2025-06-04 13:30:47'),(454,'wketteringhamcl','ssaurincl@nsw.gov.au','1fd86d9d359ad0e5ae2e73ae210e5925','2024-12-25 04:49:58'),(455,'acabanecm','fahernecm@dagondesign.com','7034b7c5b5a01f53c62c96d84b5ee785','2025-03-27 05:49:48'),(456,'kkeepingcn','nmostoncn@wiley.com','6f1e8094bd6ca3ed632e4a6addfe61d5','2025-02-20 16:32:27'),(457,'sharrawayco','pdiggesco@usgs.gov','2527c84dde748bedec3b31ea85127955','2025-04-13 19:53:18'),(458,'ffrantzcp','srisboroughcp@prnewswire.com','c0378dccc5d89383952399791ddad2c7','2024-11-22 22:12:09'),(459,'bridescq','hbogeyscq@marketwatch.com','8014cec04b0bd6529db79a34c2b5e5f7','2025-09-04 23:39:38'),(460,'ileariecr','fbraziercr@tripadvisor.com','582897555bdd1efcb788bc68e21597aa','2025-03-12 10:08:40'),(461,'dtillettcs','rpietruschkacs@diigo.com','81a960fc9efc6a5d0e02807cc2e01335','2025-03-13 17:03:02'),(462,'hlordct','vkynderct@purevolume.com','0600ce2bae209f123c2a902e577fe8da','2025-11-17 07:33:52'),(463,'bcarillocu','swhittercu@twitter.com','d244ae1b98544c8cc3ed9b6744ab99a1','2025-01-31 07:35:38'),(464,'creucastlecv','ispellarcv@ftc.gov','baad3d5863e85bfb228ce735a02fd485','2025-07-21 13:26:28'),(465,'cshellcrosscw','ajansenscw@stumbleupon.com','9342699617299718ad5a7d47ae9345e2','2025-01-17 05:35:18'),(466,'hduffieldcx','dscantleburycx@businesswire.com','eeebcfd307584a3fd976a9aa0fb1c26c','2025-08-06 13:26:30'),(467,'vosbourncy','degecy@uol.com.br','cc7f6a5ecc17b1e3b6ece38452895299','2025-10-16 03:06:32'),(468,'pferrarotticz','hbeadescz@springer.com','6f49678ff1e11118dccb1f1b96d1783d','2025-03-29 23:56:04'),(469,'clemmensd0','rmayhod0@opensource.org','857080ce559c5e7845a8546fdca513ae','2025-06-17 19:22:28'),(470,'ngeorginsd1','sstevend1@desdev.cn','331f0aa3b4ad0df0943ff33a455322b1','2025-10-29 03:52:49'),(471,'pjefferysd2','ngirhardd2@jiathis.com','a9cff610b012efc8c3284c248be19e66','2025-01-12 08:50:22'),(472,'kwoodroffed3','kmcfadzeand3@amazon.com','a6f4b1abc49f63e9522d3cfcecdf70ed','2025-03-18 01:04:52'),(473,'cdcruzed4','cshorthoused4@biglobe.ne.jp','ec4215da3983105bd4bf5f327c32bfb8','2024-12-23 07:30:17'),(474,'gwebbornd5','bgimberd5@earthlink.net','6c2d66d34dcf2756ec4d7f2138083fbf','2025-10-18 17:38:56'),(475,'mffrenchbeytaghd6','efulopd6@epa.gov','a6afa15a5c9e8b4f0b9a4d92dabf2372','2025-08-16 13:13:05'),(476,'dcorrisond7','mbackwelld7@networkadvertising.org','e4fc3d9c8a8b8ad7a2c710bce66f68d1','2025-10-16 18:03:34'),(477,'rlaugherand8','dbatesond8@tinyurl.com','cbc51bccd1e75624fe19be007e4a295b','2025-06-24 20:22:02'),(478,'abriggd9','knevind9@chicagotribune.com','9c428aa8b995c815f8e2be487f028d5f','2025-08-23 20:49:37'),(479,'mmckerronda','mspottiswoodda@nydailynews.com','75c250b5eae6a5350f0434df2d5c71a9','2024-11-20 07:12:41'),(480,'parchboulddb','aedlanddb@barnesandnoble.com','8a4dd6d25893b1a056866b4971b2725c','2025-04-26 16:30:13'),(481,'lkenendc','pcordobadc@statcounter.com','9474671a40575e7ec1e16acaac7c6686','2025-10-15 22:31:39'),(482,'klampartdd','mseysdd@businessweek.com','8cccbc54db4c6cad081ec3119681da37','2025-04-16 04:58:18'),(483,'gglenniede','hforrestde@yolasite.com','ddef4e82c8e6cfac0ca90df2bf9a6ea0','2025-07-23 01:15:43'),(484,'pskuresdf','khammelldf@engadget.com','1d80cf6b99e55626858efd7f48237dd6','2025-07-03 09:02:23'),(485,'gglavindg','tclayaldg@hatena.ne.jp','28e19feb6aa3440e77c128268ff38704','2025-04-28 13:50:43'),(486,'sprendeguestdh','htremeerdh@vkontakte.ru','ce28cff53d44e9761020f755b9e42da8','2025-04-21 04:37:18'),(487,'ataffedi','drenarddi@gnu.org','24086d1253817bdb45beca9faf0ef365','2025-05-11 15:08:24'),(488,'gmussettidj','kpechadj@sun.com','2c062db9190cf5d43a3856b1597cae35','2025-10-18 21:41:32'),(489,'hmclugishdk','gemblowdk@zimbio.com','e008d780070ff51a0a677a57774d4e0f','2025-08-19 22:46:22'),(490,'sreedl','bnorgatedl@nydailynews.com','233cddfa52e36a31c61f7d77c0611608','2024-12-08 00:19:31'),(491,'fmcswandm','hrobeldm@joomla.org','fca4551a024a716a6d4d2d4205dcd750','2025-04-29 13:42:27'),(492,'gvasyukhnovdn','tharrapdn@alexa.com','8e04b17f7bac74621a5bd9c7cd328935','2025-10-06 05:28:58'),(493,'bwyllcockdo','lhowittdo@lulu.com','a8519b2ce79b9c55e00c200ad8eae706','2025-03-19 14:50:38'),(494,'ygovesdp','amargarsondp@npr.org','ba84e25129da96d9730cee9e3806a6a7','2025-07-05 09:45:33'),(495,'jfadelldq','grountreedq@wufoo.com','44f2554b940b4f38a9d254ac9677fb23','2025-05-23 15:59:30'),(496,'dcomardr','gfreegarddr@quantcast.com','811dc7446b92bc415110e591ccf0089e','2025-05-20 15:00:40'),(497,'vlefebreds','jjeppsds@shinystat.com','bb494def801bf7220b830d7f580d8a89','2025-06-09 00:28:06'),(498,'asoldandt','cclubbdt@biblegateway.com','40b7ceb924ec52818a0c2a5541a3a148','2025-04-02 12:58:33'),(499,'hmcmanamendu','vmatousekdu@sourceforge.net','9874d40098c155555f75687ecb75bc33','2025-09-16 15:15:17'),(500,'ppizziedv','mbutchartdv@sourceforge.net','f0aefe8c363c83f6cfc7728f406f359e','2025-10-30 18:14:46');
/*!40000 ALTER TABLE `Users` ENABLE KEYS */;
UNLOCK TABLES;

--
-- Table structure for table `Visit`
--

DROP TABLE IF EXISTS `Visit`;
/*!40101 SET @saved_cs_client     = @@character_set_client */;
/*!50503 SET character_set_client = utf8mb4 */;
CREATE TABLE `Visit` (
  `visit_id` int NOT NULL AUTO_INCREMENT,
  `user_id` int DEFAULT NULL,
  `cafe_id` int DEFAULT NULL,
  `visit_date` date NOT NULL,
  `visit_time` time DEFAULT NULL,
  `location_latitude` decimal(10,6) DEFAULT NULL,
  `location_longitude` decimal(10,6) DEFAULT NULL,
  `menu_items_consumed` text,
  `visit_note` text,
  PRIMARY KEY (`visit_id`),
  KEY `idx_user_visit` (`user_id`),
  KEY `idx_cafe_visit` (`cafe_id`),
  CONSTRAINT `fk_visit_cafe` FOREIGN KEY (`cafe_id`) REFERENCES `Cafe` (`cafe_id`),
  CONSTRAINT `fk_visit_user` FOREIGN KEY (`user_id`) REFERENCES `Users` (`user_id`),
  CONSTRAINT `visit_ibfk_1` FOREIGN KEY (`user_id`) REFERENCES `Users` (`user_id`),
  CONSTRAINT `visit_ibfk_2` FOREIGN KEY (`cafe_id`) REFERENCES `Cafe` (`cafe_id`)
) ENGINE=InnoDB AUTO_INCREMENT=201 DEFAULT CHARSET=utf8mb4 COLLATE=utf8mb4_0900_ai_ci;
/*!40101 SET character_set_client = @saved_cs_client */;

--
-- Dumping data for table `Visit`
--

LOCK TABLES `Visit` WRITE;
/*!40000 ALTER TABLE `Visit` DISABLE KEYS */;
INSERT INTO `Visit` VALUES (1,54,1,'2025-11-01','10:30:00',41.000000,29.000000,'Filtre Kahve, Kruvasan','Yeni favorim.'),(2,21,2,'2025-11-01','14:45:00',39.342462,36.223200,'Americano, Su','Hızlı bir mola.'),(3,87,3,'2025-11-02','11:00:00',41.876630,38.904652,'Latte, Cheesecake','Menü zengin.'),(4,12,4,'2025-11-02','16:15:00',40.600638,27.119900,'Sütlü Kahve','Güneşli bir öğleden sonra.'),(5,99,5,'2025-11-03','09:00:00',36.244510,30.129268,'Espresso','Sabah erken saatte.'),(6,35,6,'2025-11-03','18:30:00',39.529819,36.637021,'Affogato, Tiramisu','Akşamüstü keyfi.'),(7,68,7,'2025-11-04','13:00:00',40.096144,42.025340,'Türk Kahvesi','Geleneksel lezzet.'),(8,44,8,'2025-11-04','17:40:00',38.932822,34.186716,'Matcha Latte, Sandviç','Yeni içecek denemesi.'),(9,10,9,'2025-11-05','15:20:00',39.314224,27.766158,'Çay','Sıcak bir mola.'),(10,73,10,'2025-11-05','12:00:00',38.080512,27.147134,'Cold Brew','Öğle yemeği sonrası.'),(11,29,11,'2025-11-06','11:30:00',36.602268,28.599728,'Double Espresso','Hızlı iş toplantısı.'),(12,91,12,'2025-11-06','16:00:00',38.309074,34.426217,'Limonata','Yazlık ferahlık.'),(13,6,13,'2025-11-07','08:45:00',41.139883,28.375837,'Kahve, Poğaça','Güne iyi başlangıç.'),(14,80,14,'2025-11-07','19:00:00',37.910185,30.505230,'Sıcak Çikolata','Soğuk havada ideal.'),(15,47,15,'2025-11-08','14:00:00',36.255850,35.859897,'Filtre Kahve','Rahat okuma köşesi.'),(16,14,16,'2025-11-08','17:15:00',37.834017,34.201720,'Mocha','Öğrenci indiriminden faydalandım.'),(17,83,17,'2025-11-09','10:00:00',36.611100,31.879700,'Taze Sıkma Portakal Suyu','Sağlıklı seçim.'),(18,59,18,'2025-11-09','15:30:00',40.540450,32.748100,'Salep','Kış ayları için.'),(19,25,19,'2025-11-10','12:30:00',40.407780,42.062010,'Espresso Tonic','Yaz aylarında favorim.'),(20,96,20,'2025-11-10','18:00:00',39.522200,34.405300,'Chai Tea Latte','Arkadaşlarla buluşma.'),(21,70,21,'2025-11-11','09:30:00',37.387820,30.686000,'Siyah Çay','Klasik kahvaltı.'),(22,36,22,'2025-11-11','15:00:00',40.675000,37.525000,'Soğuk Çikolata','Çocuklar için.'),(23,4,23,'2025-11-12','11:45:00',38.646870,39.215800,'Flat White','Barista çok iyiydi.'),(24,77,24,'2025-11-12','16:40:00',40.416950,33.155460,'Karamelli Macchiato','Çalışma alanı güzel.'),(25,41,25,'2025-11-13','10:15:00',40.668580,27.279700,'Cortado','Yine gelirim.'),(26,18,26,'2025-11-13','14:20:00',39.816670,32.750000,'Filtre Kahve','Kitap okuma keyfi.'),(27,84,27,'2025-11-14','09:50:00',36.678100,30.697400,'Yeşil Çay','Detoks zamanı.'),(28,50,28,'2025-11-14','18:50:00',40.231944,29.072222,'Espresso','Hızlı bir canlanma.'),(29,16,29,'2025-11-15','13:30:00',36.700000,31.850000,'Americano','Dışarıda oturdum.'),(30,93,30,'2025-11-15','17:00:00',40.970000,29.070000,'Cold Brew','Öğrenci dostu.'),(31,65,31,'2025-11-16','10:40:00',36.908056,30.705556,'Sütlü Kahve','Pazar kahvaltısı.'),(32,31,32,'2025-11-16','15:45:00',38.418889,27.128333,'Matcha Latte','Trend içecek.'),(33,98,33,'2025-11-17','09:10:00',37.000000,35.328333,'Kahve, Sandviç','Yoğun bir gün.'),(34,62,34,'2025-11-17','16:30:00',37.185278,38.790556,'Mocha','Tatlı ihtiyacı.'),(35,28,35,'2025-11-18','11:15:00',39.585556,32.857222,'Taze Sıkma Meyve Suyu','Vitamin deposu.'),(36,75,36,'2025-11-18','19:30:00',40.781389,30.395000,'Sıcak Çikolata','Romantik akşam.'),(37,43,37,'2025-11-19','12:45:00',37.850000,27.240000,'Iced Latte','Sıcak hava kaçamağı.'),(38,10,38,'2025-11-19','17:50:00',40.925000,39.880000,'Chai Tea Latte','Okul çıkışı.'),(39,88,39,'2025-11-20','10:00:00',38.675000,39.183333,'Cortado','Kahve molası.'),(40,55,40,'2025-11-20','15:10:00',39.750000,30.525000,'Filtre Kahve','Uzun süre oturdum.'),(41,22,41,'2025-11-21','09:20:00',40.583333,36.566667,'Americano','Erken kalktım.'),(42,95,42,'2025-11-21','14:30:00',37.833333,30.533333,'Espresso','Hızlı bir shot.'),(43,67,43,'2025-11-22','11:00:00',40.350000,32.266667,'Latte, Kurabiye','Harika dekorasyon.'),(44,33,44,'2025-11-22','16:00:00',38.250000,38.350000,'Sütlü Kahve','Yeni bir yer denedim.'),(45,48,45,'2025-11-23','08:50:00',36.883333,34.400000,'Çay','Güne sakin başla.'),(46,15,46,'2025-11-23','18:15:00',37.850000,36.933333,'Affogato','Tatlı kaçamağı.'),(47,81,47,'2025-11-24','13:10:00',40.666667,34.800000,'Türk Kahvesi','Şık bir mekan.'),(48,56,48,'2025-11-24','17:30:00',37.600000,39.883333,'Matcha Latte','Sadece sohbet.'),(49,23,49,'2025-11-25','15:00:00',40.233333,30.550000,'Limonata','Güneşli bir gün.'),(50,79,50,'2025-11-25','12:15:00',36.500000,36.166667,'Cold Brew','Havaalanı yakınında.'),(51,40,51,'2025-11-26','11:30:00',41.000000,28.970000,'Double Espresso','İstanbul, Beyoğlu.'),(52,7,52,'2025-11-26','16:00:00',39.340000,36.220000,'Su, Sade Kahve','Diyarbakır, Yenişehir.'),(53,72,53,'2025-11-27','08:45:00',41.870000,38.900000,'Poğaça','Aydın, Merkez.'),(54,38,54,'2025-11-27','19:00:00',40.600000,27.110000,'Sıcak Çikolata','Tekirdağ, Çorlu.'),(55,100,55,'2025-11-01','14:00:00',36.240000,30.120000,'Filtre Kahve','Konyaaltı, Antalya.'),(56,66,56,'2025-11-02','17:15:00',39.520000,36.630000,'Mocha','Sivas, Cumhuriyet Meydanı.'),(57,32,57,'2025-11-03','10:00:00',40.090000,42.020000,'Portakal Suyu','Erzurum, Palandöken.'),(58,97,58,'2025-11-04','15:30:00',38.930000,34.180000,'Salep','Kırşehir, Cacabey Meydanı.'),(59,63,59,'2025-11-05','12:30:00',39.310000,27.760000,'Espresso Tonic','Manisa, Spil Dağı.'),(60,29,60,'2025-11-06','18:00:00',38.080000,27.140000,'Chai Tea Latte','İzmir, Alsancak.'),(61,94,61,'2025-11-07','09:30:00',36.600000,28.590000,'Siyah Çay','Muğla, Bodrum.'),(62,60,62,'2025-11-08','15:00:00',38.300000,34.420000,'Soğuk Çikolata','Nevşehir, Kapadokya.'),(63,26,63,'2025-11-09','11:45:00',41.130000,28.370000,'Flat White','Tekirdağ, Silivri.'),(64,89,64,'2025-11-10','16:40:00',37.910000,30.500000,'Macchiato','Isparta, Eğirdir.'),(65,51,65,'2025-11-11','10:15:00',36.250000,35.850000,'Cortado','Hatay, Antakya.'),(66,18,66,'2025-11-12','14:20:00',37.830000,34.200000,'Filtre Kahve','Niğde, Merkez.'),(67,85,67,'2025-11-13','09:50:00',36.610000,31.870000,'Yeşil Çay','Antalya, Manavgat.'),(68,57,68,'2025-11-14','18:50:00',40.540000,32.740000,'Espresso','Ankara, Çankaya.'),(69,24,69,'2025-11-15','13:30:00',40.400000,42.060000,'Americano','Kars, Merkez.'),(70,82,70,'2025-11-16','17:00:00',39.520000,34.400000,'Cold Brew','Kırıkkale, Merkez.'),(71,49,71,'2025-11-17','10:40:00',37.380000,30.680000,'Sütlü Kahve','Isparta, Merkez.'),(72,11,72,'2025-11-18','15:45:00',40.670000,37.520000,'Matcha Latte','Tokat, Zile.'),(73,76,73,'2025-11-19','09:10:00',38.640000,39.210000,'Kahve, Kurabiye','Elazığ, Harput.'),(74,42,74,'2025-11-20','16:30:00',40.410000,33.150000,'Mocha','Kırıkkale, Keskin.'),(75,9,75,'2025-11-21','11:15:00',40.660000,27.270000,'Meyve Suyu','Tekirdağ, Marmara Ereğlisi.'),(76,74,76,'2025-11-22','19:30:00',39.810000,32.750000,'Sıcak Çikolata','Ankara, Kızılay.'),(77,30,77,'2025-11-23','12:45:00',36.670000,30.690000,'Iced Latte','Antalya, Kaş.'),(78,97,78,'2025-11-24','17:50:00',40.230000,29.070000,'Chai Tea Latte','Bursa, Nilüfer.'),(79,61,79,'2025-11-25','10:00:00',36.700000,31.850000,'Cortado','Antalya, Serik.'),(80,27,80,'2025-11-26','15:10:00',40.970000,29.070000,'Filtre Kahve','İstanbul, Kadıköy.'),(81,86,81,'2025-11-27','09:20:00',36.900000,30.700000,'Americano','Antalya, Aksu.'),(82,53,82,'2025-11-01','14:30:00',38.410000,27.120000,'Espresso','İzmir, Konak.'),(83,20,83,'2025-11-02','11:00:00',37.000000,35.320000,'Latte, Kurabiye','Adana, Seyhan.'),(84,92,84,'2025-11-03','16:00:00',37.180000,38.790000,'Sütlü Kahve','Şanlıurfa, Eyyübiye.'),(85,58,85,'2025-11-04','08:50:00',39.580000,32.850000,'Çay','Ankara, Çubuk.'),(86,24,86,'2025-11-05','18:15:00',40.780000,30.390000,'Affogato','Sakarya, Adapazarı.'),(87,89,87,'2025-11-06','13:10:00',37.850000,27.240000,'Türk Kahvesi','Aydın, Kuşadası.'),(88,55,88,'2025-11-07','17:30:00',40.920000,39.880000,'Matcha Latte','Trabzon, Ortahisar.'),(89,22,89,'2025-11-08','15:00:00',38.670000,39.180000,'Limonata','Elazığ, Merkez.'),(90,78,90,'2025-11-09','12:15:00',39.750000,30.520000,'Cold Brew','Eskişehir, Odunpazarı.'),(91,45,91,'2025-11-10','11:30:00',40.580000,36.560000,'Double Espresso','Çorum, Merkez.'),(92,13,92,'2025-11-11','16:00:00',37.830000,30.530000,'Su, Sade Kahve','Burdur, Merkez.'),(93,71,93,'2025-11-12','08:45:00',40.350000,32.260000,'Poğaça','Ankara, Gölbaşı.'),(94,37,94,'2025-11-13','19:00:00',38.250000,38.350000,'Sıcak Çikolata','Malatya, Battalgazi.'),(95,10,95,'2025-11-14','14:00:00',36.880000,34.400000,'Filtre Kahve','Mersin, Mezitli.'),(96,69,96,'2025-11-15','17:15:00',37.850000,36.930000,'Mocha','Kahramanmaraş, Dulkadiroğlu.'),(97,34,97,'2025-11-16','10:00:00',40.660000,34.800000,'Portakal Suyu','Çorum, İskilip.'),(98,95,98,'2025-11-17','15:30:00',37.600000,39.880000,'Salep','Mardin, Kızıltepe.'),(99,60,99,'2025-11-18','12:30:00',40.230000,30.550000,'Espresso Tonic','Bilecik, Merkez.'),(100,25,100,'2025-11-19','18:00:00',36.500000,36.160000,'Chai Tea Latte','Hatay, İskenderun.'),(101,75,101,'2025-11-28','14:00:00',40.407780,42.062010,'Filtre Kahve, Cookie','Hafta sonu kaçamağı.'),(102,21,102,'2025-11-28','09:45:00',39.342462,36.223200,'Double Espresso','Sabah toplantısı için hızlı mola.'),(103,87,103,'2025-11-29','11:10:00',41.876630,38.904652,'Latte, Tost','Yeni bir yer denedim.'),(104,12,104,'2025-11-29','16:25:00',40.600638,27.119900,'Americano','Güneşli havada dışarıda oturdum.'),(105,99,105,'2025-11-30','19:00:00',36.244510,30.129268,'Sıcak Çikolata, Brownie','Akşam yemeği sonrası.'),(106,35,106,'2025-11-30','13:30:00',39.529819,36.637021,'Iced Latte','Tadı harikaydı.'),(107,68,107,'2025-12-01','10:00:00',40.096144,42.025340,'Türk Kahvesi','Köpüğü boldu.'),(108,44,108,'2025-12-01','17:40:00',38.932822,34.186716,'Matcha Latte','Çalışmak için ideal.'),(109,10,109,'2025-12-02','15:20:00',39.314224,27.766158,'Çay, Su','Hafif bir öğle molası.'),(110,73,110,'2025-12-02','12:00:00',38.080512,27.147134,'Cold Brew','Öğle yemeği sonrası canlandırıcı.'),(111,29,111,'2025-12-03','11:30:00',36.602268,28.599728,'Espresso Macchiato','Kaliteli çekirdekler.'),(112,91,112,'2025-12-03','16:00:00',38.309074,34.426217,'Limonata, Sandviç','Öğleden sonra atıştırması.'),(113,6,113,'2025-12-04','08:45:00',41.139883,28.375837,'Sütlü Kahve, Poğaça','Güne bu kafe ile başla.'),(114,80,114,'2025-12-04','19:00:00',37.910185,30.505230,'Mocha','Soğuk bir akşamüstü.'),(115,47,115,'2025-12-05','14:00:00',36.255850,35.859897,'Filtre Kahve','Kitabımı okudum.'),(116,14,116,'2025-12-05','17:15:00',37.834017,34.201720,'Salep','Kış gelmiş gibi.'),(117,83,117,'2025-12-06','10:00:00',36.611100,31.879700,'Taze Sıkma Portakal Suyu','Harika manzara.'),(118,59,118,'2025-12-06','15:30:00',40.540450,32.748100,'Espresso Tonic','Yaz mevsimi hissi.'),(119,25,119,'2025-12-07','12:30:00',40.407780,42.062010,'Chai Tea Latte','Pazar keyfi.'),(120,96,120,'2025-12-07','18:00:00',39.522200,34.405300,'Affogato','Tatlıya doydum.'),(121,70,121,'2025-12-08','09:30:00',37.387820,30.686000,'Siyah Çay, Simit','Sakin bir başlangıç.'),(122,36,122,'2025-12-08','15:00:00',40.675000,37.525000,'Soğuk Çikolata','Çocuk menüsü denendi.'),(123,4,123,'2025-12-09','11:45:00',38.646870,39.215800,'Flat White','Mükemmel köpük.'),(124,77,124,'2025-12-09','16:40:00',40.416950,33.155460,'Karamelli Macchiato','Çalışma köşesi çok rahat.'),(125,41,125,'2025-12-10','10:15:00',40.668580,27.279700,'Cortado','Hızlı ve lezzetli.'),(126,18,126,'2025-12-10','14:20:00',39.816670,32.750000,'Filtre Kahve','Derin düşünme zamanı.'),(127,84,127,'2025-12-11','09:50:00',36.678100,30.697400,'Yeşil Çay','Sağlıklı seçim.'),(128,50,128,'2025-12-11','18:50:00',40.231944,29.072222,'Espresso','Günün yorgunluğunu attım.'),(129,16,129,'2025-12-12','13:30:00',36.700000,31.850000,'Americano','Geniş oturma alanı.'),(130,93,130,'2025-12-12','17:00:00',40.970000,29.070000,'Cold Brew','Mükemmel lezzet.'),(131,65,131,'2025-12-13','10:40:00',36.908056,30.705556,'Sütlü Kahve','Huzurlu ortam.'),(132,31,132,'2025-12-13','15:45:00',38.418889,27.128333,'Matcha Latte, Kek','Keyifli bir mola.'),(133,98,133,'2025-12-14','09:10:00',37.000000,35.328333,'Kahve, Sandviç','Hafta sonu kahvaltısı.'),(134,62,134,'2025-12-14','16:30:00',37.185278,38.790556,'Mocha','Çikolata oranı iyiydi.'),(135,28,135,'2025-12-15','11:15:00',39.585556,32.857222,'Taze Sıkma Meyve Suyu','Güne zinde başladım.'),(136,75,136,'2025-12-15','19:30:00',40.781389,30.395000,'Sıcak Çikolata','Sıcak ve rahat.'),(137,43,137,'2025-12-16','12:45:00',37.850000,27.240000,'Iced Latte','Sıcak günlerde ideal.'),(138,10,138,'2025-12-16','17:50:00',40.925000,39.880000,'Chai Tea Latte','Baharatlı lezzet.'),(139,88,139,'2025-12-17','10:00:00',38.675000,39.183333,'Cortado','Günün ilk kahvesi.'),(140,55,140,'2025-12-17','15:10:00',39.750000,30.525000,'Filtre Kahve','Uzun çalışma seansı.'),(141,22,141,'2025-12-18','09:20:00',40.583333,36.566667,'Americano','Hızlı servis.'),(142,95,142,'2025-12-18','14:30:00',37.833333,30.533333,'Espresso','Kısa bir ara.'),(143,67,143,'2025-12-19','11:00:00',40.350000,32.266667,'Latte, Kurabiye','Samimi bir mekan.'),(144,33,144,'2025-12-19','16:00:00',38.250000,38.350000,'Sütlü Kahve','Arkadaşlarla buluşma.'),(145,48,145,'2025-12-20','08:50:00',36.883333,34.400000,'Çay','Güne sakin başla.'),(146,15,146,'2025-12-20','18:15:00',37.850000,36.933333,'Affogato','Mükemmel tatlı.'),(147,81,147,'2025-12-21','13:10:00',40.666667,34.800000,'Türk Kahvesi','Bol köpüklü.'),(148,56,148,'2025-12-21','17:30:00',37.600000,39.883333,'Matcha Latte','Sadece dinlenmek.'),(149,23,149,'2025-12-22','15:00:00',40.233333,30.550000,'Limonata','Güneşli bir öğleden sonra.'),(150,79,150,'2025-12-22','12:15:00',36.500000,36.166667,'Cold Brew','Havaalanı yolculuğu öncesi.'),(151,40,151,'2025-12-23','11:30:00',41.000000,28.970000,'Double Espresso','Haftanın ilk günü.'),(152,7,152,'2025-12-23','16:00:00',39.340000,36.220000,'Su, Sade Kahve','Kısa iş görüşmesi.'),(153,72,153,'2025-12-24','08:45:00',41.870000,38.900000,'Poğaça','Acele bir kahvaltı.'),(154,38,154,'2025-12-24','19:00:00',40.600000,27.110000,'Sıcak Çikolata','Yılbaşı temalı.'),(155,100,155,'2025-12-25','14:00:00',36.240000,30.120000,'Filtre Kahve','Teras keyfi.'),(156,66,156,'2025-12-25','17:15:00',39.520000,36.630000,'Mocha','Öğleden sonra kahvesi.'),(157,32,157,'2025-12-26','10:00:00',40.090000,42.020000,'Portakal Suyu','Dinlendirici bir ortam.'),(158,97,158,'2025-12-26','15:30:00',38.930000,34.180000,'Salep','Geleneksel tat.'),(159,63,159,'2025-12-27','12:30:00',39.310000,27.760000,'Espresso Tonic','Farklı bir deneyim.'),(160,29,160,'2025-12-27','18:00:00',38.080000,27.140000,'Chai Tea Latte','Arkadaşlarımı bekliyorum.'),(161,94,161,'2025-12-28','09:30:00',36.600000,28.590000,'Siyah Çay','Klasik Pazar sabahı.'),(162,60,162,'2025-12-28','15:00:00',38.300000,34.420000,'Soğuk Çikolata','Ailecek ziyaret.'),(163,26,163,'2025-12-29','11:45:00',41.130000,28.370000,'Flat White','Lezzetli kahve.'),(164,89,164,'2025-12-29','16:40:00',37.910000,30.500000,'Macchiato','Manzarası güzel.'),(165,51,165,'2025-12-30','10:15:00',36.250000,35.850000,'Cortado','Haftaya başlangıç.'),(166,18,166,'2025-12-30','14:20:00',37.830000,34.200000,'Filtre Kahve','Sakin ve sessiz.'),(167,85,167,'2025-12-31','09:50:00',36.610000,31.870000,'Yeşil Çay','Yılın son detoksu.'),(168,57,168,'2025-12-31','18:50:00',40.540000,32.740000,'Espresso','Yeni yıl enerjisi.'),(169,24,169,'2026-01-01','13:30:00',40.400000,42.060000,'Americano','Yeni yılın ilk kahvesi.'),(170,82,170,'2026-01-01','17:00:00',39.520000,34.400000,'Cold Brew','Hafif ve ferah.'),(171,49,171,'2026-01-02','10:40:00',37.380000,30.680000,'Sütlü Kahve','Tatil devam ediyor.'),(172,11,172,'2026-01-02','15:45:00',40.670000,37.520000,'Matcha Latte','Farklı bir deneme.'),(173,76,173,'2026-01-03','09:10:00',38.640000,39.210000,'Kahve, Kurabiye','Lezzetli atıştırmalık.'),(174,42,174,'2026-01-03','16:30:00',40.410000,33.150000,'Mocha','Yağmurlu hava keyfi.'),(175,9,175,'2026-01-04','11:15:00',40.660000,27.270000,'Meyve Suyu','Vitamin takviyesi.'),(176,74,176,'2026-01-04','19:30:00',39.810000,32.750000,'Sıcak Çikolata','Sıcak bir kapanış.'),(177,30,177,'2026-01-05','12:45:00',36.670000,30.690000,'Iced Latte','Hızlı öğle arası.'),(178,97,178,'2026-01-05','17:50:00',40.230000,29.070000,'Chai Tea Latte','Misafirlerle buluşma.'),(179,61,179,'2026-01-06','10:00:00',36.700000,31.850000,'Cortado','Haftanın ortası.'),(180,27,180,'2026-01-06','15:10:00',40.970000,29.070000,'Filtre Kahve','Keyifli bir okuma.'),(181,86,181,'2026-01-07','09:20:00',36.900000,30.700000,'Americano','Günün ilk enerjisi.'),(182,53,182,'2026-01-07','14:30:00',38.410000,27.120000,'Espresso','Hızlı bir mola.'),(183,20,183,'2026-01-08','11:00:00',37.000000,35.320000,'Latte, Kurabiye','Harika sunum.'),(184,92,184,'2026-01-08','16:00:00',37.180000,38.790000,'Sütlü Kahve','Soğuk havada iç ısıtan.'),(185,58,185,'2026-01-09','08:50:00',39.580000,32.850000,'Çay','Sessiz sabah.'),(186,24,186,'2026-01-09','18:15:00',40.780000,30.390000,'Affogato','Mükemmel kombinasyon.'),(187,89,187,'2026-01-10','13:10:00',37.850000,27.240000,'Türk Kahvesi','Geleneksel lezzet.'),(188,55,188,'2026-01-10','17:30:00',40.920000,39.880000,'Matcha Latte','Yeni favorim.'),(189,22,189,'2026-01-11','15:00:00',38.670000,39.180000,'Limonata','Pazar aktivitesi.'),(190,78,190,'2026-01-11','12:15:00',39.750000,30.520000,'Cold Brew','Hafif bir öğle.'),(191,45,191,'2026-01-12','11:30:00',40.580000,36.560000,'Double Espresso','Haftaya güçlü başlangıç.'),(192,13,192,'2026-01-12','16:00:00',37.830000,30.530000,'Su, Sade Kahve','Kısa bir ziyaret.'),(193,71,193,'2026-01-13','08:45:00',40.350000,32.260000,'Poğaça','Acele kahvaltı.'),(194,37,194,'2026-01-13','19:00:00',38.250000,38.350000,'Sıcak Çikolata','Akşam keyfi.'),(195,10,195,'2026-01-14','14:00:00',36.880000,34.400000,'Filtre Kahve','Sakin bir öğleden sonrası.'),(196,69,196,'2026-01-14','17:15:00',37.850000,36.930000,'Mocha','Tatlı molası.'),(197,34,197,'2026-01-15','10:00:00',40.660000,34.800000,'Portakal Suyu','Sağlıklı başlangıç.'),(198,95,198,'2026-01-15','15:30:00',37.600000,39.880000,'Salep','Soğuktan korunmak.'),(199,60,199,'2026-01-16','12:30:00',40.230000,30.550000,'Espresso Tonic','Öğle yemeği sonrası.'),(200,25,200,'2026-01-16','18:00:00',36.500000,36.160000,'Chai Tea Latte','Günün son kahvesi.');
/*!40000 ALTER TABLE `Visit` ENABLE KEYS */;
UNLOCK TABLES;

--
-- Dumping routines for database 'BrewReviewDB'
--
SET @@SESSION.SQL_LOG_BIN = @MYSQLDUMP_TEMP_LOG_BIN;
/*!40103 SET TIME_ZONE=@OLD_TIME_ZONE */;

/*!40101 SET SQL_MODE=@OLD_SQL_MODE */;
/*!40014 SET FOREIGN_KEY_CHECKS=@OLD_FOREIGN_KEY_CHECKS */;
/*!40014 SET UNIQUE_CHECKS=@OLD_UNIQUE_CHECKS */;
/*!40101 SET CHARACTER_SET_CLIENT=@OLD_CHARACTER_SET_CLIENT */;
/*!40101 SET CHARACTER_SET_RESULTS=@OLD_CHARACTER_SET_RESULTS */;
/*!40101 SET COLLATION_CONNECTION=@OLD_COLLATION_CONNECTION */;
/*!40111 SET SQL_NOTES=@OLD_SQL_NOTES */;

-- Dump completed on 2025-11-27 20:08:06
